Date,Close,High,Low,Open,Volume
2020-01-02,72.33386993408203,72.39407791515757,71.09117632272992,71.34404690340438,135480400
2020-01-03,71.6306381225586,72.38925722098051,71.40666619485818,71.56320547713457,146322800
2020-01-06,72.20142364501953,72.23995764322866,70.5035611498287,70.75402846338375,118387200
2020-01-07,71.86185455322266,72.46633779595872,71.6426965801033,72.21105649751387,108872000
2020-01-08,73.0178451538086,73.31888511458335,71.56562867701548,71.56562867701548,132079200
2020-01-09,74.56880187988281,74.76146451044018,73.74275001069596,73.99320996049889,170108400
2020-01-10,74.73736572265625,75.30091887725054,74.23643856809193,74.80239504412852,140644800
2020-01-13,76.3340835571289,76.36057889021191,74.93485068528152,75.05286332420356,121532000
2020-01-14,75.30333709716797,76.48100893453174,75.18051779267843,76.27148630079421,161954400
2020-01-15,74.98059844970703,75.98245997667709,74.54950731619692,75.10342506334987,121923600
2020-01-16,75.91986083984375,76.03064882750155,75.1612416745226,75.52248959606675,108829200
2020-01-17,76.76036834716797,76.76277166888072,75.86206254796348,76.16791647174253,137816400
2020-01-21,76.24015045166016,76.83018415127219,76.10287451536945,76.38946504217743,110843200
2020-01-22,76.5123062133789,77.06380603496487,76.4183782339569,76.72423213565071,101832400
2020-01-23,76.88078308105469,76.96025438766408,76.01860061750638,76.56529382668359,104472000
2020-01-24,76.65923309326172,77.86820708363678,76.46897375596369,77.12644775977525,146537600
2020-01-27,74.40502166748047,75.08416206919466,73.42483402812097,74.67234156024762,161940000
2020-01-28,76.50990295410156,76.68089158109271,75.18532722614749,75.28406920782065,162234000
2020-01-29,78.11144256591797,78.95676515736241,77.39858197163568,78.13793790519387,216229200
2020-01-30,77.99823760986328,78.05122092954578,76.76517927864235,77.19627050016777,126743200
2020-01-31,74.53988647460938,77.71163859900423,74.24607125177067,77.29018275843434,199588400
2020-02-03,74.33517456054688,75.498389394716,72.78421654858387,73.28514366287956,173788400
2020-02-04,76.78926086425781,76.9795201431656,75.53211792000401,75.93671379066781,136616400
2020-02-05,77.41543579101562,78.21258898353346,76.81335589638837,77.91395235806485,118826800
2020-02-06,78.3209457397461,78.32335641079244,77.12883215929374,77.68515330009288,105425600
2020-02-07,77.25634765625,78.06987612347613,76.76629893571341,77.82123085871221,117684000
2020-02-10,77.62329864501953,77.62329864501953,75.7644959675757,75.84415588740227,109348800
2020-02-11,77.15497589111328,78.19059906005786,76.9377141953968,78.11818095050265,94323200
2020-02-12,78.98724365234375,78.99206907115294,77.60399867366895,77.60399867366895,113730400
2020-02-13,78.42475128173828,78.75064746940821,78.05782062596876,78.26059867524006,94747600
2020-02-14,78.44408416748047,78.69272952184373,77.93713525426901,78.39338411922328,80113600
2020-02-18,77.00772857666016,77.18878123005356,75.94796350927948,76.12901616267288,152531200
2020-02-19,78.12299346923828,78.3523297233802,77.24911404532844,77.24911404532844,93984000
2020-02-20,77.32154083251953,78.37164756799683,76.81700838375629,77.88401513292217,100566000
2020-02-21,75.57137298583984,77.35776502195542,74.95579692410486,76.91599243144344,129554000
2020-02-24,71.98170471191406,73.43012593023869,69.82114748147725,71.75961758398634,222195200
2020-02-25,69.54351806640625,73.03180163978591,69.07278565467855,72.65038734565039,230673600
2020-02-26,70.646728515625,71.90927139616765,69.16209855410392,69.16934036398257,198054800
2020-02-27,66.02867889404297,69.04139705399142,65.8934935311334,67.85852144500781,320605600
2020-02-28,65.99006652832031,67.20915879544067,61.88862284247871,62.10347552395671,426510000
2020-03-02,72.13378143310547,72.76867383608672,67.04258234775999,68.14338175177791,341397200
2020-03-03,69.8428726196289,73.38667475068135,68.99312746023453,73.30701482551375,319475600
2020-03-04,73.08248901367188,73.24181619852034,70.76260504877715,71.56164999828624,219178400
2020-03-05,70.71192932128906,72.31242862903635,70.3474076125405,71.33957264179317,187572800
2020-03-06,69.77284240722656,70.20495666747604,67.88989834828591,68.07577636210152,226176800
2020-03-09,64.2543716430664,67.13189718407227,63.489119320777824,63.670171942415024,286744800
2020-03-10,68.882080078125,69.14762542571471,65.0268655374001,66.90257561810807,285290000
2020-03-11,66.48977661132812,67.8875051992336,65.62796418784407,66.96293286366341,255598800
2020-03-12,59.92359161376953,65.17894700154001,59.86806983845157,61.7848142766757,418474000
2020-03-13,67.10292053222656,67.57366022928257,61.06300489011421,63.94536649521935,370732000
2020-03-16,58.47034454345703,62.5428168089279,57.93684117686896,58.40757727472599,322423600
2020-03-17,61.04129409790039,62.187957132183904,57.55059758461941,59.74978379495811,324056000
2020-03-18,59.54700469970703,60.35087884798524,57.24160039100893,57.88132191691277,300233600
2020-03-19,59.09075546264648,61.03646731467495,58.56691024737155,59.72081881991735,271857200
2020-03-20,55.33934783935547,60.792652825729554,55.04000612907548,59.67012417482383,401693200
2020-03-23,54.163700103759766,55.16069770044325,51.32479637531141,55.05930867623348,336752800
2020-03-24,59.597694396972656,59.79323063321941,56.56083807077307,57.05812866753022,287531200
2020-03-25,59.26939010620117,62.34245572079971,58.97487753279941,60.53192941719469,303602000
2020-03-26,62.38832473754883,62.44625922344338,59.472169846872056,59.51079529315195,252087200
2020-03-27,59.80531311035156,61.76792134587147,59.63874408177234,61.0147434951052,204216800
2020-03-30,61.512020111083984,61.68341820252802,60.20602640105231,60.529509863529455,167976400
2020-03-31,61.38650131225586,63.3660094986333,60.8336888557072,61.70274302705608,197002000
2020-04-01,58.15652084350586,60.04188167908633,57.72682288768837,59.50596558883749,176218400
2020-04-02,59.126949310302734,59.18005836764035,57.18847976805371,58.01890828257861,165934000
2020-04-03,58.2772102355957,59.31282945954129,57.68818520309446,58.612760898074754,129880000
2020-04-06,63.36117172241211,63.51566611882468,60.20120105165565,60.56813168930388,201820400
2020-04-07,62.62731170654297,65.58933753055518,62.52350996388426,65.37206847487805,202887200
2020-04-08,64.23025512695312,64.54407684795063,63.06186263235144,63.426377044606376,168895200
2020-04-09,64.6937255859375,65.19584902236409,63.89951332637289,64.86512738575412,161834800
2020-04-13,65.96351623535156,66.07215077341053,64.17229875609489,64.77098217772529,131022800
2020-04-14,69.29488372802734,69.58457092501276,67.12225185179103,67.59299170512948,194994800
2020-04-15,68.6623764038086,69.12104145125336,67.74504630891909,68.17232773147242,131154400
2020-04-16,69.20797729492188,69.57249897577765,68.16028687860133,69.37454631683273,157125200
2020-04-17,68.26890563964844,69.27073604048029,66.83496828577375,68.72516178272222,215250000
2020-04-20,66.85188293457031,67.99854979022932,66.83257389218826,67.09811926901436,130015200
2020-04-21,64.78545379638672,66.92911797835283,64.07572694243713,66.69495629705587,180991600
2020-04-22,66.65150451660156,67.08602784822331,65.71003238672124,66.05040482183006,116862400
2020-04-23,66.39320373535156,68.01543553598502,66.35457829164004,66.59598178954948,124814400
2020-04-24,68.30994415283203,68.31960235496462,66.86876505886688,66.91704870248016,126161200
2020-04-27,68.35820770263672,68.68892919972843,67.58088841807292,68.02747883849749,117087600
2020-04-28,67.25019836425781,69.00037411858965,67.15847120269908,68.81932145434843,112004800
2020-04-29,69.45903778076172,69.92736120107678,68.53204914375017,68.73482721743544,137280800
2020-04-30,70.92434692382812,71.10057413486881,69.60870223992275,69.99735834734561,183064000
2020-05-01,69.78252410888672,72.1796595284793,69.00520440389795,69.10176434791705,240616800
2020-05-04,70.76985931396484,70.89780288941466,69.11866006272429,69.80666159250394,133568000
2020-05-05,71.83201599121094,72.66244451792257,71.08366376030753,71.2285073158129,147751200
2020-05-06,72.5731201171875,73.2031795834636,72.14824768910796,72.53207828931902,142333600
2020-05-07,73.32389068603516,73.66910326152602,72.89660917840814,73.19836352852457,115215200
2020-05-08,75.06912994384766,75.1223827731926,73.65551811313698,73.98229650289032,133838400
2020-05-11,76.25038146972656,76.74417245398942,74.36959376483475,74.57776663572473,145946400
2020-05-12,75.37897491455078,77.3832066763356,75.25794640867731,76.93297679324957,162301200
2020-05-13,74.46881866455078,76.47789576756719,73.39408522317618,75.55807493186354,200622400
2020-05-14,74.92632293701172,74.98683718466037,72.98744407851115,73.70877656980059,158929200
2020-05-15,74.48336029052734,74.52935171327063,72.6679327201148,72.70182424718615,166348400
2020-05-18,76.23826599121094,76.61103581678174,75.11512542110488,75.80498930633232,135178400
2020-05-19,75.79771423339844,77.09997437404789,75.76624564907384,76.25519801175672,101729600
2020-05-20,77.2718276977539,77.34201888089427,76.61584817289278,76.65457816375839,111504800
2020-05-21,76.69575500488281,77.67366726497515,76.4585365069764,77.13387754437865,102688800
2020-05-22,77.18953704833984,77.27183551713587,76.33265345783,76.43431323052285,81803200
2020-05-26,76.6667251586914,78.48456841631166,76.61104938291827,78.30544857938091,125522000
2020-05-27,77.00074768066406,77.14598335609439,75.78562421645006,76.52390248864035,112945200
2020-05-28,77.03462982177734,78.29090607267398,76.4004417495467,76.67638285095582,133560800
2020-05-29,76.9595947265625,77.73659554294788,76.60377068012559,77.27668877080987,153532400
2020-06-01,77.90603637695312,78.02706486056282,76.78288850329889,76.91360133395523,80791200
2020-06-02,78.26669311523438,78.2909002875674,77.19922108217762,77.63976650286615,87642800
2020-06-03,78.69757080078125,78.9589964979716,78.0149682866651,78.58622664893751,104491200
2020-06-04,78.0197982788086,78.81858326292213,77.64702850562604,78.52085794063949,87560400
2020-06-05,80.24188995361328,80.30240419943048,78.2400813612976,78.26912701737099,137250400
2020-06-08,80.71631622314453,80.75020774515244,79.23009024878114,79.93931540745123,95654400
2020-06-09,83.26517486572266,83.65730597576551,80.36533708864444,80.3968056767083,147712400
2020-06-10,85.40740966796875,85.87457800723712,83.77352456071829,84.21164723555474,166651600
2020-06-11,81.30696105957031,84.97654679882439,81.20530123598519,84.55294696423167,201662400
2020-06-12,82.00889587402344,84.18740853476542,80.90027823694467,83.44187634114364,200146000
2020-06-15,83.02313232421875,83.67426627857331,80.50331793854433,80.66549938713932,138808800
2020-06-16,85.22342681884766,85.4945368687229,83.4418908130573,85.07335265810912,165428800
2020-06-17,85.10478973388672,86.02702598772805,84.98376127656381,85.96651175906659,114406400
2020-06-18,85.13871002197266,85.55504835135272,84.53114459703605,85.06125001022909,96820400
2020-06-19,84.65217590332031,86.3078449275457,83.54597361995395,85.84309961565448,264476000
2020-06-22,86.86698150634766,87.00979422869749,84.99830144840965,85.04429286253834,135445200
2020-06-23,88.72114562988281,90.13718045697549,87.68998051908838,88.1087417587427,212155600
2020-06-24,87.15505981445312,89.26822049559888,86.78228989344684,88.35082221845148,192623200
2020-06-25,88.31206512451172,88.35079512662277,86.55231359048508,87.3099530977363,137522400
2020-06-26,85.59861755371094,88.42826445687878,85.45095894340278,88.20799170182455,205256800
2020-06-29,87.57139587402344,87.66580166563776,85.02979694710713,85.50664961268454,130646000
2020-06-30,88.30237579345703,88.58800861953088,87.1405053436716,87.1598666501381,140223200
2020-07-01,88.13538360595703,88.92206897093759,88.08697663107799,88.37986357552768,110737200
2020-07-02,88.13538360595703,89.67487019220228,88.02162389084378,89.04068194142937,114041600
2020-07-06,90.49300384521484,90.9601720457748,89.52961440129422,89.56108299075036,118655600
2020-07-07,90.21221160888672,91.64760765010688,90.100867472441,90.87060685450932,112424400
2020-07-08,92.3132781982422,92.34474679060094,91.1005702474556,91.1877146099101,117092000
2020-07-09,92.7102508544922,93.25729463316677,91.664562876346,93.2040417994558,125642800
2020-07-10,92.87240600585938,92.93050469526396,91.69601281004776,92.30599364635842,90257200
2020-07-13,92.4439926147461,96.7792345052281,92.230981266241,94.1746987408597,191649200
2020-07-14,93.97379302978516,94.16501274371473,90.89482765300735,91.82674120591236,170989200
2020-07-15,94.6200714111328,96.09419752364778,93.42430934647336,95.84487913129124,153198000
2020-07-16,93.45580291748048,94.31026398444942,92.85792172532976,93.49453293082968,110577600
2020-07-17,93.2669677734375,94.06091431617956,92.79495374103924,93.90600170117716,92186800
2020-07-20,95.23247528076172,95.37044953138845,93.01039399095431,93.35411815070974,90318000
2020-07-21,93.91809844970705,96.0966110426126,93.6687800817764,96.02157397759412,103433200
2020-07-22,94.18196868896484,94.86214835066376,93.53325762300904,93.62039460784148,89001600
2020-07-23,89.89513397216797,93.99315739757402,89.08666444146189,93.91569738113668,197004400
2020-07-24,89.67243194580078,90.01615612762265,86.31267968652797,88.09664593771886,185438800
2020-07-27,91.79768371582033,91.88966654711751,90.50994623863684,90.7326345162056,121214000
2020-07-28,90.2896728515625,91.54594911832494,90.2848269844815,91.36924487069622,103625600
2020-07-29,92.02037048339844,92.20433612820618,90.73504867705178,90.7713557419502,90329200
2020-07-30,93.1338348388672,93.23791755492836,90.78830239250956,91.19495629734762,158130000
2020-07-31,102.88389587402344,103.03397001244984,97.62157236005557,99.61612680199144,374336800
2020-08-03,105.47633361816406,108.09054616095987,104.4645371706777,104.76226254133908,308151200
2020-08-04,106.1807098388672,107.26996618839968,104.94379489849536,105.6651273181697,173071600
2020-08-05,106.56558990478516,106.88510690463526,105.43760344433964,105.90235611566642,121776800
2020-08-06,110.28357696533205,110.77737527223312,106.30900549573542,106.89720218347466,202428800
2020-08-07,107.77619171142578,110.26174899503664,106.98081367668276,109.8058602311636,198045600
2020-08-10,109.34269714355467,110.35874505613272,106.69709332777636,109.21902314455248,212403600
2020-08-11,106.09085845947266,109.10504953060088,105.83138875528,108.60794103965802,187902400
2020-08-12,109.6167449951172,109.87378746896776,106.98568949170516,107.17968129827852,165598000
2020-08-13,111.55665588378906,112.55815472074356,110.50665541102484,110.99406946976316,210082000
2020-08-14,111.4572525024414,111.54697388434197,109.65067355223329,111.38208013380518,165565200
2020-08-17,111.16625213623048,112.60181637912858,110.54062239475888,112.57756555807369,119561600
2020-08-18,112.0925750732422,112.51693852673742,110.58426581680664,110.91890789561272,105633600
2020-08-19,112.23322296142578,113.64453639963617,112.13865437862,112.4999671955,145538000
2020-08-20,114.72364044189452,114.837612647254,112.25747906222767,112.27445537799257,126907200
2020-08-21,120.6356201171875,121.11817961837232,115.6693525872738,115.6814742972318,338054800
2020-08-24,122.07846069335938,124.91806397068724,120.2161130032418,124.83318239328597,345937600
2020-08-25,121.07695770263672,121.42130160395936,119.35768029886763,120.9532910946764,211495600
2020-08-26,122.72349548339844,123.17938430241112,121.32673099966804,122.3912806781404,163022400
2020-08-27,121.2563934326172,123.657076446734,120.11424426928406,123.32486169573068,155552400
2020-08-28,121.05998229980467,122.64588380173387,120.8368851164902,122.2287948592591,187630000
2020-08-31,125.16539001464844,127.06654483126825,122.21667670793738,123.74923681098468,225702700
2020-09-01,130.15110778808594,130.7525017490205,126.61070851116052,128.77374644635557,151948100
2020-09-02,127.45452880859376,133.83695705739137,123.18665076532004,133.45866793446768,200119000
2020-09-03,117.25041198730467,124.97140134269284,116.8818246649217,123.09935930505593,257599600
2020-09-04,117.32801055908205,119.98573625952378,107.56037630423064,116.46473461185484,332607200
2020-09-08,109.4324188232422,115.41715402612338,109.29662311428592,110.52848630276392,231366600
2020-09-09,113.79732513427734,115.562677142076,111.79918148817356,113.73912907477926,176940500
2020-09-10,110.0822982788086,116.88181506989982,109.12202651754131,116.74601936225844,182274400
2020-09-11,108.63705444335938,111.77007275174712,106.6971070425851,111.12988655734183,180860300
2020-09-14,111.89614868164062,112.4490333059739,109.41301877590674,111.27536620520716,140150100
2020-09-15,112.0707550048828,115.26196916143692,110.1987055878256,114.7769823425134,184642000
2020-09-16,108.7631378173828,112.51693833812011,108.67584374495958,111.7700619173575,154679000
2020-09-17,107.0268783569336,108.83102975873638,105.44582412860576,106.42549948987327,178011000
2020-09-18,103.63198852539062,107.5506832359034,102.90450823656477,107.08509999522968,287104900
2020-09-21,106.77469635009766,106.88139403880808,100.00427732246104,101.4010416835348,195713800
2020-09-22,108.45274353027344,109.47121874863322,105.88231946545224,109.29662320835186,183055400
2020-09-23,103.90357971191406,108.74374613747926,103.56408301527632,108.2684611226227,150718700
2020-09-24,104.97055053710938,106.9395958803808,101.84723417179124,102.01212791770884,167743300
2020-09-25,108.9086456298828,109.06384497371614,104.4370662899755,105.17424837255976,149981400
2020-09-28,111.50816345214844,111.85735453793174,109.39362072171006,111.5566650919616,137672400
2020-09-29,110.66427612304688,111.8476450098202,110.1598931452358,111.11047045765872,99382200
2020-09-30,112.3326416015625,113.73910777869786,110.2084044241761,110.37329816208845,142675200
2020-10-01,113.2832260131836,114.18530182393523,112.35205217632898,114.10770215411938,116120400
2020-10-02,109.6264190673828,111.90586307346008,108.8504445847348,109.50032515653432,144712000
2020-10-05,113.0019302368164,113.14742776439395,110.14051092914184,110.4897020352033,106243800
2020-10-06,109.76222229003906,112.63334341918222,108.87954271233733,112.22594886007512,161498200
2020-10-07,111.62458038330078,112.080469227634,110.70310088509402,111.17839334850784,96849000
2020-10-08,111.5178680419922,112.90493061170088,111.1492733309645,112.7594330889432,83477200
2020-10-09,113.45782470703124,113.48692273393875,111.46937566481606,111.81856678833006,100506900
2020-10-12,120.66471862792967,121.42129686008032,115.69845107798898,116.4550293101396,240226800
2020-10-13,117.46381378173828,121.62500184957032,116.05735487456656,121.50860234126792,262330500
2020-10-14,117.55110168457033,119.33584953717632,116.02824344500344,117.36680433445795,150712000
2020-10-15,117.0854949951172,117.56077991650848,114.6023653156572,115.15524988960917,112559200
2020-10-16,115.4462661743164,117.90030584427576,115.24257258596,117.63840880188036,115393800
2020-10-19,112.49755859375,116.8042370043639,112.18716729027952,116.3580499681446,120639300
2020-10-20,113.98162841796876,115.40749115191628,112.1580728560492,112.71095765081324,124423700
2020-10-21,113.36082458496094,115.14557257156684,112.9534300225298,113.16682541230044,89946000
2020-10-22,112.2744598388672,114.49570058030427,111.14928675399084,113.92341222842757,101988000
2020-10-23,111.58576202392578,113.05042420827988,110.84858002778375,112.89522488264528,82572600
2020-10-26,111.595458984375,113.0504192975986,109.49061077367529,110.58668561250266,111850700
2020-10-27,113.09893035888672,113.75851276167866,111.10078693291936,112.02225897491292,92276800
2020-10-28,107.861083984375,111.96407642913886,107.7640880840918,111.59548904793756,143937800
2020-10-29,111.85736083984376,113.41901900582576,108.83104039265947,108.99594153712782,146129200
2020-10-30,105.5913314819336,108.6273463236584,104.48556211975593,107.72527053869118,190272600
2020-11-02,105.50404357910156,107.35669702970988,104.09758457442842,105.83383850866504,122866900
2020-11-03,107.1238784790039,108.14234624016166,105.46522463913784,106.36730031348368,107624400
2020-11-04,111.49847412109376,112.119256698551,108.97654397513467,110.71279779031768,138235500
2020-11-05,115.4559555053711,116.02824377297978,113.3608163942021,114.408382249631,126387100
2020-11-06,115.3248062133789,115.82034093796346,112.83738439067112,114.96529408792372,114457900
2020-11-09,113.0219955444336,118.53123307425452,112.75965407719043,117.08348090470506,154515300
2020-11-10,112.68191528320312,114.25597883957684,110.8940807658282,112.27382528066764,138023400
2020-11-11,116.10210418701172,116.23813418126792,113.138585125769,113.86732041488948,112295000
2020-11-12,115.83003997802734,117.1126137436234,115.20818648034916,116.22841881317537,103162300
2020-11-13,115.87863159179688,116.27700303551688,114.52804275815,116.05352836084144,81581900
2020-11-16,116.88914489746094,117.55957633149036,114.80010222486769,115.54826720324448,91183000
2020-11-17,116.00495147705078,117.24865863043144,115.58714291023576,116.16041857776304,74271000
2020-11-18,114.68352508544922,116.42277457305376,114.65437685369793,115.24708227624228,76322100
2020-11-19,115.27620697021484,115.68429695756758,113.498091065648,114.2559745887542,74113000
2020-11-20,114.01307678222656,115.40253254906612,113.9644988709724,115.27622108410968,73604300
2020-11-23,110.6220245361328,114.28513837643996,110.52486130551306,113.85761126601786,127959300
2020-11-24,111.90459442138672,112.56531474410036,109.39774313111327,110.68032441615657,113874200
2020-11-25,112.74020385742188,113.43979090606146,111.90458681744444,112.27381743371453,76499200
2020-11-27,113.28434753417967,114.15883152801634,112.9248428017158,113.26491785124114,46691300
2020-11-30,115.6746063232422,117.54016723580712,113.49811117883634,113.6535782947568,169410200
2020-12-01,119.24054718017578,119.96928259001577,116.60738412219024,117.57903133531022,127728200
2020-12-02,119.59033966064452,119.87211823940518,117.46242991146435,118.56038858339666,89004200
2020-12-03,119.45430755615234,120.270487635051,118.745001847803,120.01785729073868,78967600
2020-12-04,118.78385925292967,119.3765645833526,118.07455360054388,119.12393425897255,78260400
2020-12-07,120.2413330078125,121.038083362331,118.7838623046875,118.84215876062711,86712000
2020-12-08,120.85346221923828,121.43645640289948,119.6000365852931,120.84375108576852,82225500
2020-12-09,118.32717895507812,122.37894545635208,117.5692954268489,120.9992083965974,115089200
2020-12-10,119.7458038330078,120.35794633884018,116.7434174184058,117.0834924699348,81312200
2020-12-11,118.93933868408205,119.27941372539408,117.13207427816091,118.95876836655133,86939800
2020-12-14,118.32717895507812,119.85266455789508,118.09398573402578,119.12392925566252,79184500
2020-12-15,124.2542495727539,124.27368666937784,120.61057232920147,120.81461736527078,157243700
2020-12-16,124.18621063232422,124.73033062366706,122.9716517851633,123.79755773169585,98208600
2020-12-17,125.0510025024414,125.9060568568483,124.40971173663624,125.24532899403545,94359800
2020-12-18,123.06881713867188,125.43963827870924,122.54412684965976,125.30360828671483,192541500
2020-12-21,124.59429931640624,124.67203286094654,119.94982751976666,121.47531311924553,121251600
2020-12-22,128.1408233642578,130.59908932336018,125.97403967211778,127.87847449783372,168904800
2020-12-23,127.2469253540039,128.67523311498164,127.07202114631367,128.41289904268606,88223700
2020-12-24,128.22830200195312,129.67606189128196,127.38297355158524,127.59673715473882,54930100
2020-12-28,132.8144073486328,133.44597185664287,129.72456272466368,130.19096387713518,124486200
2020-12-29,131.04605102539062,134.8549062093824,130.53107920371312,134.13589678161503,121047300
2020-12-30,129.9286346435547,132.13427742745725,129.6177004950943,131.735898609551,96452100
2020-12-31,128.92787170410156,130.91975146585497,127.9853727167279,130.27846074381847,99116600
2021-01-04,125.74085235595705,129.82176713240116,123.16598610776016,129.7343224533574,143301900
2021-01-05,127.29548645019533,128.00479953709709,124.78863505032471,125.23559925815104,97664900
2021-01-06,123.01050567626952,127.334339167221,122.79674215546176,124.09875295807365,155088000
2021-01-07,127.20806884765624,127.8979449873073,124.2348303390142,124.7206540123521,109578200
2021-01-08,128.3059844970703,128.86954151504634,126.53757990692247,128.67520026141898,105158200
2021-01-11,125.32303619384766,126.47929859092636,124.85664974689551,125.527088604103,100384500
2021-01-12,125.1481475830078,126.01291289609364,123.26314986487158,124.85665049211372,91951100
2021-01-13,127.17890167236328,127.72302173327904,124.8469543181073,125.1092883878033,88636800
2021-01-14,125.25504302978516,127.285782101989,125.1092870553467,127.09145562889724,90221800
2021-01-15,123.53522491455078,126.52790008179282,123.39919489904705,125.12872573594878,111598500
2021-01-19,124.20565032958984,125.0607045202907,123.34088500532488,124.15706500945308,90757300
2021-01-20,128.2865753173828,128.7335395413519,124.90524730001776,125.01212908230433,104319500
2021-01-21,132.98934936523438,135.7099645282226,129.80234769109845,130.0064001294405,120150900
2021-01-22,135.12696838378906,135.88485193048166,131.19179469063414,132.4160646907934,114459400
2021-01-25,138.8677978515625,140.97627022018892,132.6686847833474,139.01355380816258,157611700
2021-01-26,139.10101318359375,140.20869037046396,137.3617564370404,139.52854031294,98390600
2021-01-27,138.0321502685547,140.208644567784,136.42893888339475,139.36330171958025,140843800
2021-01-28,133.20309448242188,137.96417406452278,132.82415271471342,135.5642045936499,142621100
2021-01-29,128.2185821533203,132.8630549859489,126.51819940588042,131.97885239900157,177523800
2021-02-01,130.3367462158203,131.5415940017464,127.21775238608966,129.95780442586786,106239800
2021-02-02,131.1626434326172,132.4452098565485,130.79341280132044,131.8816527763116,83305400
2021-02-03,130.1423797607422,131.92049525214782,129.82173452529324,131.91076929503612,89880900
2021-02-04,133.4945831298828,133.5042942626405,130.7739685158837,132.43549143917588,84183100
2021-02-05,133.0810089111328,133.72325779067754,132.20522578325316,133.65514858435046,75693800
2021-02-08,133.22694396972656,133.27560187343457,131.29047224928507,132.3706123790497,71297200
2021-02-09,132.3511962890625,134.17090160726997,132.19551172596402,132.94478730279516,76774200
2021-02-10,131.74786376953125,133.3048279995829,130.7844904817518,132.80853804149436,73046600
2021-02-11,131.49484252929688,132.72094164331563,130.17142759822354,132.24411789704274,64280000
2021-02-12,131.72840881347656,131.88410821935858,130.0936095966532,130.73585850968206,60145100
2021-02-16,129.60704040527344,132.35117148769072,129.21779194968602,131.84517076789257,80576300
2021-02-17,127.32027435302734,128.6631557746567,125.98713342468182,127.7192485215278,97918500
2021-02-18,126.22071075439452,126.50290300476138,123.98257950080088,125.7244206319919,96856700
2021-02-19,126.37637329101562,127.19378780631595,125.33516499223074,126.7364300489586,87668800
2021-02-22,122.61046600341795,126.23039523519331,122.2212249439728,124.56638952046134,103916400
2021-02-23,122.47425079345705,123.30138352656304,115.20519947854248,120.43074421044317,158273000
2021-02-24,121.97796630859376,122.1823162213377,118.94190197736168,121.57899955251936,111039900
2021-02-25,117.73526000976562,123.058113364126,117.29736837706596,121.32599812486836,148199500
2021-02-26,117.99798583984376,121.49140765726708,117.93959485190196,119.29220185674814,164560400
2021-03-01,124.35233306884766,124.48856634693102,119.4868376397081,120.42101187120409,116307900
2021-03-02,121.75415802001952,125.25731317881322,121.6471165286429,124.95565484356456,102260900
2021-03-03,118.77645111083984,122.3282636330786,118.56236816181614,121.45247312532506,112966300
2021-03-04,116.89838409423828,120.27503892466773,115.42900990064756,118.47480719948628,178155000
2021-03-05,118.15367889404295,118.65969453198088,114.40724922583529,117.72552038212189,153766600
2021-03-08,113.22981262207033,117.74499188213018,113.08384627126932,117.67687524164398,154376600
2021-03-09,117.83255004882812,118.77645723226702,115.59442688495044,115.827968557669,129525800
2021-03-10,116.75242614746094,118.88350799775948,116.23667741969722,118.41642461584055,111943300
2021-03-11,118.67916107177734,119.89553490297892,117.99799469596714,119.24356031125248,103026500
2021-03-12,117.774169921875,117.91040318694742,115.95447955662657,117.16112022904916,88105100
2021-03-15,120.65454864501952,120.6642817142442,117.18058534747088,118.14395874848536,92403800
2021-03-16,122.19203186035156,123.7976465733389,121.36489925795073,122.31853204805572,115227900
2021-03-17,121.4038314819336,122.47423888090718,119.0489262952044,120.7129320932856,111932600
2021-03-18,117.28761291503906,119.86632656590932,117.08326303051578,119.5743939170728,121229700
2021-03-19,116.76214599609376,118.16341092060108,116.4604876842397,116.67457065039012,185549500
2021-03-22,120.07068634033205,120.53777713211232,117.02488910943605,117.09300574322106,111912300
2021-03-23,119.2435531616211,120.89781850320576,118.85431207414344,120.01230226774646,95467100
2021-03-24,116.85945129394533,119.59386443754735,116.83999258124882,119.51601473844956,88530500
2021-03-25,117.34601593017578,118.38723908571316,115.79879193762964,116.3242663381614,98844700
2021-03-26,117.9493408203125,118.21208173439534,115.72094299418823,117.11247500179746,94071200
2021-03-29,118.12450408935548,119.28249444245718,117.4822625170894,118.37751194468804,80819200
2021-03-30,116.674560546875,117.16111000084516,115.66253679171842,116.8789104266438,85671900
2021-03-31,118.86402893066406,120.19716963643592,117.89093005677267,118.37747949371835,118323800
2021-04-01,119.6911849975586,120.8394421912494,119.19490239563412,120.33343394406754,75089100
2021-04-05,122.51317596435548,122.76618380455446,119.75930377924526,120.53778601486208,88651200
2021-04-06,122.81481170654295,123.71006091586877,122.26987869637168,123.09701127942608,80171300
2021-04-07,124.45935821533205,124.4788169278638,121.77360301243874,122.44504366920104,83466700
2021-04-08,126.85319519042967,126.8823869746258,125.0626964676061,125.48112193995918,88844600
2021-04-09,129.42214965820312,129.46106707973098,125.98711183634272,126.30823624511144,106686700
2021-04-12,127.70953369140624,129.2762238665418,127.11594263503032,128.95509937555343,91420000
2021-04-13,130.81370544433594,131.03752892907758,128.380957683949,128.87724772998885,91266500
2021-04-14,128.478271484375,131.36837696548068,128.1182295730411,131.3099933958929,87222800
2021-04-15,130.88180541992188,131.36835488244947,130.04493975044198,130.22010527807376,89347100
2021-04-16,130.5509796142578,131.04725481288563,129.69464764958488,130.68721289515452,84922400
2021-04-19,131.21267700195312,131.82573417670255,129.75302837507442,129.91845343765638,94264200
2021-04-20,129.52920532226562,131.88410306298763,128.26417368348118,131.38782793049364,94812300
2021-04-21,129.90870666503906,130.15198139662152,127.76789199677556,128.79937448295544,68847100
2021-04-22,128.3906707763672,130.5412110225183,127.8749295491014,129.46107065350094,84566500
2021-04-23,130.70664978027344,131.4851170121257,128.60475261832673,128.60475261832673,78657500
2021-04-26,131.0959014892578,131.426751593288,129.9671030596472,131.20294297565732,66905100
2021-04-27,130.77476501464844,131.7673300838562,130.5022985012677,131.3780816016613,66015800
2021-04-28,129.986572265625,131.3878372667235,129.50002274292763,130.69693041123548,107760100
2021-04-29,129.88925170898438,133.38268843991688,128.886960916459,132.79882309453924,151101000
2021-04-30,127.92364501953124,129.96714471255788,127.54413687308934,128.2350290853802,109839500
2021-05-03,128.9745330810547,130.46338819019584,128.28364111599663,128.48798358801744,75135100
2021-05-04,124.41070556640624,127.95279275381807,123.29164023246338,127.66086008438737,137564700
2021-05-05,124.65399932861328,126.94077328039651,124.52749169549318,125.72439941828402,84000900
2021-05-06,126.24986267089844,126.25958831497178,123.71006640231248,124.44962368045476,78128300
2021-05-07,126.92243194580078,127.94590938474946,126.2108524591679,127.54627247102638,78973300
2021-05-10,123.64728546142578,126.26936319427196,123.60829449035424,126.14265555263232,88071200
2021-05-11,122.73101806640624,123.08192191649415,119.67029018955704,120.38186236478138,126142800
2021-05-12,119.6702880859375,121.4930768252382,119.16342036759428,120.28438654552215,112172300
2021-05-13,121.81475830078124,122.96496595514448,121.1226852750631,121.43460561674968,105861300
2021-05-14,124.23211669921876,124.66100988052594,122.67251527187383,123.0624174879016,81918000
2021-05-17,123.0819320678711,123.72527195908786,122.00970635261076,123.61804864388507,74244600
2021-05-18,121.6977767944336,123.783745326629,121.62954445690448,123.36460169987382,63342900
2021-05-19,121.54181671142578,121.76600548369002,119.75801895076616,120.050447495282,92612000
2021-05-20,124.09567260742188,124.49532449020155,121.94147161685788,122.06819413421118,76857100
2021-05-21,122.2631378173828,124.76825004025154,122.04869119774337,124.59279439116176,79295400
2021-05-24,123.89095306396484,124.70974844818085,122.76024483604364,122.8284771649978,63092900
2021-05-25,123.69600677490234,125.08016000374234,123.13064893754276,124.59277665961784,72009500
2021-05-26,123.64728546142578,124.17365241574042,123.228141818366,123.75450877268064,56575900
2021-05-27,122.11691284179688,124.41732784538095,121.92196544288971,123.24762857840484,94625600
2021-05-28,121.4638442993164,122.62380153028336,121.405361560534,122.39960530367183,71311100
2021-06-01,121.14216613769533,122.18515038351808,120.8107540580726,121.9219706400981,67637100
2021-06-02,121.90248107910156,122.07793673418138,120.91798692698966,121.14217571934483,59278900
2021-06-03,120.42083740234376,121.69775987143738,120.02118559755706,121.5320538514475,76229200
2021-06-04,122.71151733398438,122.97470451422886,120.72302254551224,120.93746915555828,75169300
2021-06-07,122.72128295898438,123.13067702974456,121.6782985767518,122.98446273682512,71057600
2021-06-08,123.54004669189452,125.2166284911142,123.0234294041827,123.40358202860334,74403800
2021-06-09,123.92022705078124,124.52457600687696,123.32562769760736,123.99820900061968,56877900
2021-06-10,122.92594909667967,124.95343460907164,122.7602430768465,123.81296936037242,71186400
2021-06-11,124.13467407226562,124.22240562529288,122.91623399021204,123.3353776759092,53522400
2021-06-14,127.18563842773438,127.24412116871932,123.86173793219396,124.59280194157655,96906500
2021-06-15,126.36682891845705,127.30259723643738,126.12314095657528,126.6592574474217,62746300
2021-06-16,126.86396026611328,127.585282063148,125.21664196538164,127.07840688486591,91815000
2021-06-17,128.46253967285156,129.20336059736883,126.37657131032402,126.5227930118364,96721700
2021-06-18,127.16610717773438,128.18958451442367,126.95166062422064,127.4097950909518,108953300
2021-06-21,128.95968627929688,129.06690958900398,125.9477063159808,127.0101823744656,79663300
2021-06-22,130.5972442626953,130.6947253937975,128.29682937988724,128.79396232556323,74783600
2021-06-23,130.32435607910156,130.92871251033458,129.86622139067492,130.39259586711862,60214200
2021-06-24,130.04165649414062,131.240597184488,129.5737648661965,131.05539194095186,68711000
2021-06-25,129.74920654296875,130.50951172104854,129.45677804212312,130.09037560621056,70783700
2021-06-28,131.37704467773438,131.83517920756188,129.9831567614525,130.04163948891443,62111300
2021-06-29,132.88790893554688,133.043872786454,130.95790461954863,131.39653993588485,64556100
2021-06-30,133.5020294189453,133.9406648079474,132.43953852296474,132.73196707347742,63261400
2021-07-01,133.80419921875,133.86268195374564,132.3323143115352,133.15111722207564,52485800
2021-07-02,136.42626953125,136.46525305919846,134.27206149217562,134.41826831389758,78852600
2021-07-06,138.43426513671875,139.53572463895688,136.53350195950557,136.53350195950557,108181800
2021-07-07,140.91989135742188,141.23180423568894,139.0581116318865,139.91588320227137,104911600
2021-07-08,139.6234588623047,140.42274763655988,137.11833949517367,138.00536723887996,105575500
2021-07-09,141.4462890625,141.97264869395812,139.04839216165382,139.14587332881246,99890800
2021-07-12,140.85166931152344,142.62572515772004,140.36429329314447,142.51850183873523,76299700
2021-07-13,141.96287536621094,143.7369310790402,140.00362927408963,140.39352411006757,100827100
2021-07-14,145.38424682617188,145.79365573228569,143.95136027537654,144.36076918149035,127050800
2021-07-15,144.7311248779297,146.2127515919836,143.37622064145185,145.47194567172176,106820300
2021-07-16,142.69393920898438,145.97884856339024,142.1968210625346,144.7116829108476,93251400
2021-07-19,138.85336303710938,140.43247074983955,138.09305797575115,140.1205430972161,121434600
2021-07-20,142.45997619628906,143.3860023478585,139.35053030452949,139.83790622702588,96350000
2021-07-21,141.7289276123047,142.4405072449087,140.97837931958148,141.85565012536404,74993500
2021-07-22,143.09361267089844,144.45825967498962,142.12860272787458,142.2553252616605,77338200
2021-07-23,144.8091583251953,144.96512221870486,143.21056560056124,143.8246641352954,71447400
2021-07-26,145.228271484375,146.04705940106285,143.97083337261068,144.52644902049065,72434100
2021-07-27,143.06431579589844,145.44271240050767,141.8751174935938,145.35497344078965,104818600
2021-07-28,141.31951904296875,143.25928057886588,138.94112214929507,141.15381301329907,118931200
2021-07-29,141.96287536621094,142.84990322262558,140.92964066468824,141.03686397561236,56699500
2021-07-30,142.1773223876953,142.63545700170118,140.47150644681145,140.73469364228038,70440600
2021-08-02,141.84591674804688,143.2398049839172,141.58272954059322,142.66470486730785,62880000
2021-08-03,143.6394805908203,144.30230492815895,141.51451312265684,142.1286117502495,64786600
2021-08-04,143.2398223876953,144.05861060643986,142.58674024606307,143.55175020828588,56368300
2021-08-05,143.3470001220703,144.10730535100612,142.47947159810346,143.2690181917266,46397700
2021-08-06,142.6636505126953,143.6105775396916,142.16578765248929,142.86866162914254,54126800
2021-08-09,142.6148681640625,143.21035833317768,142.05843483321482,142.72225212556916,48908700
2021-08-10,142.1365509033203,144.19635994581478,141.84368416396725,142.95656585685202,69023100
2021-08-11,142.3903350830078,143.2298783064216,142.06818321748432,142.57581781429272,48493500
2021-08-12,145.34825134277344,145.50444888855472,142.37080079552103,142.7124810649403,72282600
2021-08-13,145.55328369140625,145.88519235268876,144.74302556240244,145.42637130499,59375000
2021-08-16,147.5251922607422,147.59353426907154,142.9858112009547,145.0065628373872,103296000
2021-08-17,146.61732482910156,148.07187159409528,145.5434853619502,146.65636676617194,92229700
2021-08-18,142.87844848632812,147.13473517673972,142.67343732669485,146.2366215497856,86326000
2021-08-19,143.21034240722656,144.4794213850425,141.0626783117476,141.5800696426097,86960300
2021-08-20,144.66488647460938,144.9675098694575,143.28842371499448,143.93272733385453,60549600
2021-08-23,146.1487579345703,146.61733569322217,144.37204430196212,144.7820517027598,60131800
2021-08-24,146.06088256835938,147.27139120779157,145.60206158624177,145.89492826143862,48606400
2021-08-25,144.83087158203125,146.74425443123712,144.28419502392072,146.24637657624294,58991300
2021-08-26,144.03038024902344,145.5727977281921,144.00109506679658,144.82112485660906,48597200
2021-08-27,145.065185546875,145.2116114656549,143.33728522616812,143.97181740197544,55802400
2021-08-30,149.4776153564453,149.83882401907485,145.07490345956626,145.45562564226032,90956700
2021-08-31,148.2183380126953,149.16526528048843,147.69117494824357,149.02859613337498,86453100
2021-09-01,148.8821258544922,151.293371319359,148.71617155840954,149.1945209265185,80313700
2021-09-02,149.99502563476562,151.0395800272227,148.77476016459727,150.20979354918074,71115500
2021-09-03,150.6295623779297,150.9517142276546,149.44833892893834,150.1023993889916,57808700
2021-09-07,152.96270751953125,153.51914078415754,150.71741625258127,151.2836211735212,82278300
2021-09-08,151.42027282714844,153.30435519689405,150.31714828986404,153.24578484904103,74420200
2021-09-09,150.405029296875,152.39649574316758,150.2878736971047,151.7912489116524,57305700
2021-09-10,145.42636108398438,151.7814983871202,145.1627795675759,151.31292061025323,140893200
2021-09-13,145.99252319335938,147.81803506194143,145.21155053067017,147.04683405361763,102404300
2021-09-14,144.5966033935547,147.47644243735672,143.41539450679298,146.7735681841506,109296300
2021-09-15,145.4849090576172,145.88515965134906,142.88818092204215,145.02608811276684,83281300
2021-09-16,145.25062561035156,145.42635157507345,143.71798000246844,144.90896023332135,68034100
2021-09-17,142.5855712890625,145.27992686740734,142.29270460935308,145.27992686740734,129868800
2021-09-20,139.53982543945312,141.3946233415319,137.90955225490944,140.37936883525987,123478900
2021-09-21,140.01812744140625,141.16030897663776,139.38359538478255,140.5062336067531,75834000
2021-09-22,142.38059997558594,142.94679012081193,140.28173414994058,141.0138935295288,76404300
2021-09-23,143.33726501464844,143.581318108749,142.1755699033987,143.16153904107028,64838200
2021-09-24,143.4250946044922,143.96201429353556,142.09744541695585,142.19507259526048,53477900
2021-09-27,141.91200256347656,142.48797924389808,140.39888514559524,142.00962976919416,74150700
2021-09-28,138.53428649902344,141.30672576458994,138.31951860844126,139.84240736288436,108972300
2021-09-29,139.43240356445312,141.0138627120859,138.6514307510702,139.08096654322168,74602000
2021-09-30,138.13406372070312,140.9455603850025,137.91929578685694,140.24268621892764,89056700
2021-10-01,139.2566680908203,139.5202495626883,135.80088336468526,138.52450892126643,94639600
2021-10-04,135.8302001953125,138.82717957779718,134.98090012736012,138.3878720570302,98322000
2021-10-05,137.75328063964844,138.85640500413678,136.0449095810652,136.17182191207743,80861100
2021-10-06,138.62216186523438,138.76858776803195,135.07850605934124,136.15234566592073,83221100
2021-10-07,139.88145446777344,140.7893396562003,139.32502120039112,139.65692980871162,61732700
2021-10-08,139.500732421875,140.7502829805711,139.16882381318146,140.60385709315267,58773200
2021-10-11,139.4128875732422,141.36531233280488,138.43667519346084,138.88573944232053,64452200
2021-10-12,138.143798828125,139.84241361250955,137.68497785008697,139.82288519545196,73035900
2021-10-13,137.55807495117188,138.0364094315763,135.88874541033104,137.88022678873125,78762700
2021-10-14,140.34027099609375,140.45742659800283,138.14379338196727,138.7295267040612,69907100
2021-10-15,141.39456176757812,141.45313211222725,140.09619784320086,140.3500225311004,67940300
2021-10-18,143.0639190673828,143.34701408719482,139.7545598847163,140.03765490452832,85589200
2021-10-19,145.22134399414062,145.62159463310732,143.06392303976392,143.51297237963328,76378900
2021-10-20,145.70945739746094,146.18780683574556,144.59657585778285,145.16278083703227,58418800
2021-10-21,145.92420959472656,146.0804071368253,144.35250720492448,145.27014914498275,61421000
2021-10-22,145.15301513671875,146.6075619891813,145.1042015405824,146.12922747617256,58883400
2021-10-25,145.1042022705078,145.8168331110648,144.10846150842693,145.14324421012236,50720600
2021-10-26,145.7680206298828,147.25185252804923,145.4653823192533,145.77777738990952,60893400
2021-10-27,145.30923461914062,146.1682914783705,144.95779752805828,145.80709762491546,56094900
2021-10-28,148.9407196044922,149.52643805425132,146.1585085567286,146.256135746264,100077900
2021-10-29,146.2366180419922,146.373287179863,142.92725865743117,143.7179883048137,124953200
2021-11-01,145.41659545898438,146.1389830509936,144.28418557941234,145.44588063726485,74588300
2021-11-02,146.451416015625,147.96454849991824,145.113994646449,145.12376630561454,69122000
2021-11-03,147.8864288330078,148.35500663634056,146.25615583539988,146.8125891838913,54511500
2021-11-04,147.36903381347656,148.80405236999567,147.05663868837075,147.9742807485948,60394600
2021-11-05,147.89694213867188,148.79636649786093,146.70422366033108,148.49330137784227,65463900
2021-11-08,147.07569885253906,148.18043333239365,146.8019617116547,148.02400784687248,55020900
2021-11-09,147.4374237060547,148.04355383183062,146.7041960051751,146.84106457930375,56787900
2021-11-10,144.61207580566406,146.7726603269792,144.54364896685252,146.66511965093986,65187100
2021-11-11,144.56321716308594,146.0883289050465,144.37746369649008,145.62885311604722,41000000
2021-11-12,146.63577270507812,147.03659252052734,144.18189439318962,145.11064651980587,63804000
2021-11-15,146.6455535888672,148.48351596746593,146.08829332480207,147.00727451410145,59222800
2021-11-16,147.6232147216797,148.1022623119589,146.0003334167105,146.5869216938867,59256200
2021-11-17,150.05752563476562,151.53375230300938,147.61343285568483,147.6232038564801,88807000
2021-11-18,154.33956909179688,155.12168178008048,149.627365877677,150.2726099643279,137827700
2021-11-19,156.9596405029297,157.41913113659675,153.02953515610952,154.12448394226502,117305600
2021-11-22,157.4191131591797,161.9944471367291,157.39955624235793,158.06434223873077,117467900
2021-11-23,157.8004150390625,158.18169292863084,155.502961782972,157.51689191338718,96041900
2021-11-24,158.31854248046875,158.5140669022848,156.0699743356913,157.1551520319611,69463600
2021-11-26,153.30325317382812,156.8618512011978,152.86331951425362,156.0015407986573,76959800
2021-11-29,156.65660095214844,157.58535337179862,155.23901498169408,155.80604638636365,88748200
2021-11-30,161.60342407226562,161.8185054389282,156.34373142534065,156.41217318635103,174048100
2021-12-01,161.0852508544922,166.49158221025922,160.85061260681175,163.73463874085127,152052500
2021-12-02,160.09786987304688,160.52803264766237,154.27116024660182,155.19014164372396,136739200
2021-12-03,158.22076416015625,161.27100166043388,156.14817855062066,160.35202051883033,118023100
2021-12-06,161.6229705810547,164.12571914002814,160.6062196554979,160.61599065605895,107497000
2021-12-07,167.35186767578125,167.74293136363414,164.57538262102042,165.2988392553825,120405400
2021-12-08,171.16470336914062,172.02502878126478,166.88264814477856,168.2806769394803,116998900
2021-12-09,170.65631103515625,172.7973384356804,170.03062395661755,170.9984899495763,108923700
2021-12-10,175.43698120117188,175.61296364291238,170.78343380069845,171.29180928871014,115402700
2021-12-13,171.8099365234375,178.0570365302883,171.6046261840087,177.06961358561998,153237000
2021-12-14,170.43150329589844,173.76524989300478,168.35891710300444,171.3309277742781,139380400
2021-12-15,175.29029846191406,175.48582285763158,168.45661118755606,171.19399748026692,131063300
2021-12-16,168.40773010253906,177.08915070687198,166.93150372687032,175.27074544292535,150185800
2021-12-17,167.3128204345703,169.59071677301714,165.89524955752734,166.12987292514003,195432700
2021-12-20,165.95388793945312,166.76532847471316,163.71510567618958,164.51676029378936,107499100
2021-12-21,169.12142944335938,169.3267248588515,165.33796412188073,167.72340078083394,91185900
2021-12-22,171.712158203125,171.92723953166936,168.30019977990446,169.17029609354066,92135300
2021-12-23,172.33786010742188,172.89512039322665,171.35045204505695,171.9174833311616,68356600
2021-12-27,176.29727172851562,176.38525547317582,173.11018066452525,173.1297226627458,74919600
2021-12-28,175.28050231933594,177.2748898249397,174.537503691936,176.13105651329386,79144300
2021-12-29,175.36854553222656,176.59059189162147,174.15627017338588,175.31966069433915,62348900
2021-12-30,174.2149200439453,176.53193000592643,174.10737937130014,175.45652327947462,59773000
2021-12-31,173.59901428222656,175.22188041192248,173.29593427269404,174.1073747963206,64062300
2022-01-03,177.9397430419922,178.79029755777358,173.73591497728762,173.8532266687499,104487900
2022-01-04,175.68136596679688,178.84891521802436,175.11433471652768,178.54585013474667,99310400
2022-01-05,171.00827026367188,176.14086475419518,170.73453308424857,175.59339039534856,94537600
2022-01-06,168.15357971191406,171.3797850968752,167.80162976232634,168.83792269234627,96904000
2022-01-07,168.31976318359375,170.2457092977057,167.2052575825263,169.0236630282213,86709100
2022-01-10,168.3393096923828,168.64237476166727,164.4092049558039,165.29885816519484,106765600
2022-01-11,171.16470336914062,171.26245812752686,166.99997473942338,168.46643037323963,76138300
2022-01-12,171.60462951660156,173.21772467571947,170.91051556767007,172.1814317936139,74805200
2022-01-13,168.3393096923828,172.67023424322653,167.94824595979313,171.8490227811223,84505800
2022-01-14,169.1996612548828,169.89377524696252,167.26392904254132,167.50833831927105,80440800
2022-01-18,166.00282287597656,168.6815396332443,165.6215449110886,167.67457436911548,90956700
2022-01-19,162.51263427734375,167.25418085979933,162.22912604138477,166.1983308501733,94815000
2022-01-20,160.83106994628906,165.8854518373375,160.50844792121475,163.24583471657064,91420500
2022-01-21,158.7780303955078,162.61036568511253,158.67048972769118,160.74307541554964,122848900
2022-01-24,158.00572204589844,158.67052310978175,151.24047430258736,156.44151145113543,162294600
2022-01-25,156.20684814453125,159.1202024043847,153.5085752311325,155.4247355135648,115798400
2022-01-26,156.11886596679688,160.7137572085088,154.29068942101793,159.84366081362626,108275300
2022-01-27,155.65939331054688,160.17607231774176,154.74041197266266,158.81715723147198,121954600
2022-01-28,166.52088928222656,166.54044619647436,159.15928486994983,162.00421173203972,179935700
2022-01-31,170.8713836669922,171.0864649878099,165.7192328015865,166.35470576493188,115541600
2022-02-01,170.70521545410156,170.93006781127377,168.45664712970438,170.1186272242385,86213900
2022-02-02,171.90769958496094,171.94681342176997,169.45383589849953,170.84207875406224,84914300
2022-02-03,169.03343200683594,172.2987509371964,168.27087633720052,170.57810026310062,89418100
2022-02-04,168.74961853027344,170.4235148216532,167.07572223889366,168.05460511567154,82465400
2022-02-07,168.0349884033203,170.27662295458384,167.3399751947351,169.20964451994723,77251200
2022-02-08,171.13804626464844,171.64706939744136,167.80983647215697,168.1035042386361,74829200
2022-02-09,172.55743408203125,172.91961588647231,171.20657123174874,172.3322952525055,71285000
2022-02-10,168.48532104492188,171.77436820740164,167.92736555537172,170.46266869779612,90865900
2022-02-11,165.07876586914062,169.42500712943504,164.49143031742815,168.6908451580762,98670700
2022-02-14,165.31373596191406,165.99895095084156,163.0427206425354,163.83561333947773,86185500
2022-02-15,169.14114379882812,169.29776862360237,166.65478818594016,167.3595849608588,62527400
2022-02-16,168.90618896484375,169.67949961629867,166.4589825612284,168.22097415914394,61177400
2022-02-17,165.31373596191406,168.27974972128823,164.9123904196256,167.41832805716996,69589300
2022-02-18,163.76708984375,166.93866044821442,162.68052937533312,166.23387859788448,82772700
2022-02-22,160.84999084472656,163.16993775264925,158.72580252665216,161.4960419882263,91162800
2022-02-23,156.6897735595703,162.64136771002168,156.3765239008277,162.04424861753867,90009200
2022-02-24,159.30335998535156,159.4110376690062,148.79015546543386,149.35790916683425,141147500
2022-02-25,161.36880493164062,161.6330924831591,157.47284137265066,160.38012393186045,91974200
2022-02-28,161.6331024169922,161.9267702066246,158.99990563300975,159.6166064975814,95056600
2022-03-01,159.75363159179688,163.08184127413253,158.54961021930214,161.22195543903135,83474400
2022-03-02,163.04270935058594,163.82581854222389,159.5089420061074,160.9185355637426,79724800
2022-03-03,162.7196807861328,165.34309441078548,162.05404766344782,164.91238359654656,76678400
2022-03-04,159.72425842285156,162.05400359179123,158.67686189722227,161.01639051416453,83737200
2022-03-07,155.93603515625,161.53524604361925,155.68151606537282,159.91029698865853,96418800
2022-03-08,154.11524963378906,159.44037235523825,152.50988307246044,155.46611214466617,131148300
2022-03-09,159.5089111328125,159.959203685233,156.04367342146804,158.06995256595388,91454900
2022-03-10,155.17245483398438,157.00296029096637,152.6860849715575,156.81697023000987,105342000
2022-03-11,151.4624786376953,155.9163968116597,151.23733985445327,155.5737819765236,96970100
2022-03-14,147.43930053710938,150.86538982544317,146.9302923114544,148.2517749321591,108732100
2022-03-15,151.8148956298828,152.28477002224423,147.2043670461277,147.71337523300835,92964300
2022-03-16,156.21986389160156,156.62120932527256,151.19820652447248,153.73350876565036,102300200
2022-03-17,157.2281494140625,157.6001296550613,154.3012994227279,155.26060037752023,75615400
2022-03-18,160.5171661376953,161.0066074424884,156.3862803303168,157.1204422875064,123511700
2022-03-21,161.88760375976562,162.83712104497158,159.56764191840216,160.05708320205216,95811400
2022-03-22,165.2549591064453,165.8422796739602,161.42752475473955,162.01484532225444,81532000
2022-03-23,166.6156463623047,168.99432437394225,164.1096938716203,164.44252537221885,98062700
2022-03-24,170.39410400390625,170.46261801995993,166.61561651162776,167.44765777264146,90131400
2022-03-25,171.03038024902344,171.57855215101324,169.1019802060181,170.20812239603873,80546200
2022-03-28,171.89181518554688,172.01905978493204,168.3678313455488,168.53423961902578,90371900
2022-03-29,175.18084716796875,175.22977935165113,172.6161644453855,172.95877935054617,100589400
2022-03-30,174.0159912109375,175.81713189197046,172.9685794955082,174.77951856347462,92633200
2022-03-31,170.9227294921875,174.27050693821633,170.71715752826566,174.0845168128981,103049300
2022-04-01,170.6290283203125,171.18699858724577,168.30908127405286,170.35494237968112,78751300
2022-04-04,174.6718292236328,174.72077634534207,170.75629847192283,170.88355800105404,76468400
2022-04-05,171.3632049560547,174.53479031608524,170.73672061862993,173.7516811601631,73401800
2022-04-06,168.20140075683594,169.963392443072,166.5373033062765,168.72020734548278,89058800
2022-04-07,168.50485229492188,169.69909027693134,166.26321768469555,167.5455515170426,77594700
2022-04-08,166.4981689453125,168.15248323813117,165.6269638660641,168.15248323813117,76575500
2022-04-11,162.2498321533203,165.46056670176085,162.00511144117354,165.14733195722772,72246700
2022-04-12,164.11947631835938,166.28279871101802,163.12101178667447,164.47187468621496,79265200
2022-04-13,166.8015899658203,167.42807423573976,163.24825626550123,163.8551587010773,70618900
2022-04-14,161.79953002929688,167.65325987659003,161.55480933143042,167.01697710019764,75329400
2022-04-18,161.58419799804688,163.08188755230427,160.1158737341422,160.45847376711322,69023900
2022-04-19,163.86495971679688,164.27610359926777,160.44866861751814,161.53522902332887,67723800
2022-04-20,163.69857788085938,165.31374357546795,162.59245039656437,165.1962674744082,67929800
2022-04-21,162.90565490722656,167.90774603308134,162.4064301142371,165.34307817395856,87227800
2022-04-22,158.3734130859375,164.32502122927878,158.08954369720692,162.94480808191494,84882400
2022-04-25,159.44039916992188,159.72426854560663,155.113739965227,157.71755627231695,96046400
2022-04-26,153.48880004882812,158.91180327087787,153.4104876456948,158.82370741856425,95623200
2022-04-27,153.26365661621094,156.41564486229873,152.0987839265491,152.61759051221244,88063200
2022-04-28,160.184326171875,161.0457475218325,155.57378318397548,155.88703274270952,130216800
2022-04-29,154.32086181640625,162.6903124384376,153.9293146853147,158.42238298865084,131747600
2022-05-02,154.62428283691406,154.88857035171824,150.0333216240582,153.40067973909794,123055300
2022-05-03,156.11219787597656,157.31623426694395,153.0189401124905,154.81028218380573,88966500
2022-05-04,162.5140838623047,162.9643614673084,155.89682831665468,156.29817374379095,108256500
2022-05-05,153.4594268798828,160.61505617925764,151.6778534074066,160.38991736716943,130525300
2022-05-06,154.1848602294922,156.30235682996496,151.1458596477854,152.93984857664353,116124600
2022-05-09,149.06759643554688,152.76341048572758,148.50882129057032,151.8811126841976,131577900
2022-05-10,151.46939086914062,153.6555174482576,149.92048190900607,152.45952464307155,115366700
2022-05-11,143.61700439453125,152.39087300235883,142.9405806152843,150.47925033829725,142689800
2022-05-12,139.75453186035156,143.3228989996902,136.06853101088905,139.96040581157675,182602000
2022-05-13,144.21502685546875,145.1855500570958,140.2937427481442,141.744613679471,113990900
2022-05-16,142.6759033203125,144.616949555646,141.3426662408205,142.68571610317943,86643800
2022-05-17,146.30308532714844,146.82265416778552,143.79345144967377,145.93055862687706,78336300
2022-05-18,138.04881286621094,144.4601057389983,137.1469043666091,143.960147405131,109742900
2022-05-19,134.64710998535156,138.87229156176298,133.9118691553446,137.12732118856076,136095600
2022-05-20,134.88235473632812,137.93115346240322,130.00036063657,136.3528361484188,137426100
2022-05-23,140.29373168945312,140.44077384848245,134.94117272312687,135.07841705772444,117726300
2022-05-24,137.5978546142578,139.17617200488684,134.62748321427134,138.03899606760518,104132700
2022-05-25,137.7546844482422,138.99968110716551,135.61757730341805,135.70580258630076,92482700
2022-05-26,140.9505615234375,141.4995389264538,134.44123025043575,134.68631051667606,90601500
2022-05-27,146.69522094726562,146.73442720207444,142.40141055796454,142.5288570634857,90978500
2022-05-31,145.91091918945312,147.69510991870737,143.95027792662736,146.13640370480223,103718400
2022-06-01,145.7835235595703,148.75389460714223,144.7737792988703,146.95009283292427,74286600
2022-06-02,148.23434448242188,148.29316134885798,143.96994216366954,144.92085472708317,72348100
2022-06-03,142.51905822753906,145.05808578629097,141.6171647882395,144.0091352358549,88570300
2022-06-06,143.2640838623047,145.6462712304333,142.0484806619193,144.13656879270374,71598400
2022-06-07,145.7835235595703,146.06781003090646,141.26424373812603,141.50932395629872,67808200
2022-06-08,145.0482940673828,146.92069570984725,144.5581335933167,145.65608826850138,53950200
2022-06-09,139.8329620361328,145.03846322934638,139.7251261469218,144.1855888973648,69473000
2022-06-10,134.431396484375,137.98995082700978,134.36276684809005,137.51940103001422,91437900
2022-06-13,129.28472900390625,132.53938671229503,128.85338540144875,130.25523715092532,122207100
2022-06-14,130.14739990234375,131.25516732822615,128.89259032192393,130.5101288143863,84784300
2022-06-15,132.76483154296875,134.63724775917188,129.5591934714462,131.6472664900923,91533000
2022-06-16,127.50055694580078,129.78470685138856,126.5006252583711,129.48080971072673,108123900
2022-06-17,128.97105407714844,130.46114648258305,127.2554919851494,127.51038506940986,134520300
2022-06-21,133.19618225097656,134.36276639582726,130.6963761788774,130.7943992837295,81000500
2022-06-22,132.68643188476562,135.04899374439103,131.27476747959807,132.1374396483602,73409200
2022-06-23,135.54896545410156,135.8626603415122,132.9609190593017,134.12750324123766,72433800
2022-06-24,138.8722686767578,139.1173489130396,137.01946268880786,137.14689423988725,89116800
2022-06-27,138.8722686767578,140.6662578013618,138.19584483125837,139.89179587794544,70207900
2022-06-28,134.73529052734375,140.59760460905184,134.61765682035212,139.33299738336785,67083400
2022-06-29,136.49008178710938,137.90174634957765,133.98046254650382,134.75492447437682,66242400
2022-06-30,134.0294647216797,135.64698810352084,131.1375212724895,134.5490335635321,98964500
2022-07-01,136.1959686279297,136.3038045198631,132.9903302157903,133.36284196732555,71051600
2022-07-05,138.7742156982422,138.82323473193733,134.2353254229341,135.05880629688934,73353800
2022-07-06,140.1074676513672,141.28384979355582,138.30368070277723,138.5683715462856,74064300
2022-07-07,143.469970703125,143.66603189279604,140.4603783389641,140.47017616296918,66253700
2022-07-08,144.14637756347656,144.64635079248632,142.1465295229667,142.40140757015126,64547800
2022-07-11,142.0190887451172,143.7542609845207,140.95054251842944,142.8033484830433,63141600
2022-07-12,142.98959350585938,145.5286208059207,142.19553604555907,142.89155544175705,77588800
2022-07-13,142.6269073486328,143.56800712971256,139.3232154144063,140.17610485424197,71185600
2022-07-14,145.5482177734375,146.01876752832248,140.43094244372892,141.2446104323155,78140700
2022-07-15,147.21478271484375,147.8912065060331,145.2835494113212,146.83245817528143,76259900
2022-07-18,144.17578125,148.58722466683977,143.81305239727462,147.77355664160174,81420900
2022-07-19,148.02842712402344,148.25389669881054,144.01891901249385,145.0090375439563,82982400
2022-07-20,150.02828979492188,150.6949157224323,147.41083503397255,148.1460756395822,64823400
2022-07-21,152.2928466796875,152.50851845862235,148.94994906470606,151.45956799212024,65086600
2022-07-22,151.05763244628906,153.2045374479934,150.3910214648786,152.3320525114364,66675400
2022-07-25,149.94009399414062,151.98896129458768,149.28328071900498,150.97923186102722,53623900
2022-07-26,148.61663818359375,150.0773065915356,147.83237855759032,149.2636385384265,55138700
2022-07-27,153.7045135498047,154.2338952339947,149.1656377708993,149.5773707705413,78620700
2022-07-28,154.25350952148438,154.53779601902812,151.37136349671525,153.89078059336344,81378700
2022-07-29,159.3119354248047,160.409904944982,156.36117506106663,158.0669387195233,101786900
2022-08-01,158.3316192626953,160.3706884793457,157.72382510643268,157.84145882480365,67829400
2022-08-02,156.8611297607422,159.2139087149108,156.4886180191764,156.94937000342367,59907000
2022-08-03,162.86070251464844,163.3116417148104,157.58657171952115,157.67479700322565,82507500
2022-08-04,162.5469970703125,163.89984462441896,161.19414951620604,162.7430582477967,55474100
2022-08-05,162.32122802734375,162.81206933981915,160.01426786699392,160.22042780912037,56697000
2022-08-08,161.8500213623047,164.7361708864107,161.19229575323052,163.32254540690658,60276900
2022-08-09,161.89907836914062,162.78260161908204,160.2596703687026,161.01557009848565,63135500
2022-08-10,166.1399688720703,166.23812814464867,163.8428202002786,164.60853143111325,70170500
2022-08-11,165.4036865234375,167.85789272456063,165.10917878344554,166.94492022851418,57149200
2022-08-12,168.9475860595703,169.01629605421468,166.29703098384925,166.70935086886797,68039400
2022-08-15,170.01759338378906,170.21392688656005,168.21130119143814,168.37818541775778,54091700
2022-08-16,169.8605194091797,170.52807128910433,168.5156191962962,169.61509878760032,56377100
2022-08-17,171.3527069091797,172.92339013736907,169.4089794863745,169.60531301748716,79542000
2022-08-18,170.9600067138672,171.69626861182405,169.94887490568271,170.5673396933382,62290100
2022-08-19,168.37818908691406,170.5575254675204,168.1720291679761,169.8605242913159,70346300
2022-08-22,164.5005645751953,166.74861119438174,164.07843325743647,166.58172694573366,69026800
2022-08-23,164.1667938232422,165.61969500518398,163.597416059393,164.0195474098714,54147100
2022-08-24,164.46131896972656,165.03069679360976,163.20476617884324,164.25517396927194,53841500
2022-08-25,166.91551208496094,167.0234977835924,165.26629230145085,165.68840868200775,51218200
2022-08-26,160.6229248046875,167.91683533755338,160.5640262370915,167.44563181749547,78961000
2022-08-29,158.42393493652344,159.91608162954805,156.89251255304256,158.19813716461735,73314000
2022-08-30,155.99916076660156,159.58229569538483,154.83095626158936,159.1601794345339,77906200
2022-08-31,154.34011840820312,157.63857209111154,154.261582013457,157.37351363125413,87991100
2022-09-01,155.0665740966797,155.51813965771387,151.83683028732435,153.77074600824525,74229900
2022-09-02,152.95596313476562,157.42262194968552,152.13135334781393,156.82379496598037,76957800
2022-09-06,151.6993865966797,154.2124912520568,150.8747769402501,153.60385293125665,73714800
2022-09-07,153.1032257080078,153.80021196934476,150.79626559392008,151.9841081371773,87449600
2022-09-08,151.63070678710938,153.49589780674214,149.88329791132227,151.8074024718103,84923800
2022-09-09,154.4873809814453,154.92915012061422,151.91537744584716,152.62219009337275,68028800
2022-09-12,160.43638610839844,161.25118449428555,156.38204700518378,156.66672837890903,104956000
2022-09-13,151.0220184326172,157.5992875869502,150.5606265013506,156.97101144341687,122656600
2022-09-14,152.4651336669922,154.22235404144757,150.79627611743592,151.95465448242936,87965400
2022-09-15,149.57899475097656,152.3964344091801,148.6071384221947,151.8172302065752,90481100
2022-09-16,147.9395751953125,148.57767791761873,145.6522527794473,148.4402429431555,162278800
2022-09-19,151.65032958984375,151.72886599832884,146.36888718799335,146.5750321533895,81474200
2022-09-20,154.02603149414062,155.18442503374376,150.27601083725375,150.5901415565976,107689800
2022-09-21,150.9042510986328,155.83230196535132,150.78645397951445,154.4579373320565,101696800
2022-09-22,149.9422149658203,151.64052177438083,148.14573389948876,149.58880860884872,86652500
2022-09-23,147.67453002929688,148.69548848555905,145.83878806603744,148.42061851178616,96029900
2022-09-26,148.00831604003906,150.95336436223522,146.89900971197227,146.91864756165486,93339400
2022-09-27,148.98013305664062,151.88591989139582,147.20329010150107,149.9421927062511,84442700
2022-09-28,147.0953369140625,147.88068609523327,142.18692325585735,144.93563790031018,146691400
2022-09-29,139.8701171875,144.03245634378814,138.103085707034,143.4238179924611,128138200
2022-09-30,135.66856384277344,140.4788186878684,135.4722302730186,138.69214875072967,124925300
2022-10-03,139.84066772460938,140.44932105441077,135.16786446408517,135.67834355315813,114311700
2022-10-04,143.423828125,143.54162523892447,141.61752082886468,142.3734205948832,87830100
2022-10-05,143.7183380126953,144.68039782185656,140.39043433471556,141.43103055560152,79471000
2022-10-06,142.76609802246094,144.83744897574385,142.5599530580835,143.13914221609966,68402200
2022-10-07,137.52391052246094,140.47878470691822,136.8956342636469,139.9290298735793,85925600
2022-10-10,137.847900390625,139.29097534068862,136.03179615324555,137.847900390625,74899000
2022-10-11,136.43423461914062,138.76083241469453,135.68816128454225,137.33738075448184,77033700
2022-10-12,135.8059844970703,137.78898779453905,135.62928879673916,136.58152223774053,70433700
2022-10-13,140.37078857421875,140.95978909716513,131.90867508719168,132.51732843397534,113224000
2022-10-14,135.84524536132812,141.87277603175662,135.65872326737428,141.66661609125816,88598000
2022-10-17,139.8014373779297,140.282452315822,137.7006369919499,138.48598615048115,85250900
2022-10-18,141.11685180664062,144.01281203046764,138.03436952113134,142.8249846575733,99136600
2022-10-19,141.22486877441406,142.29489928414645,138.90809708603376,139.09461918905455,61758300
2022-10-20,140.7634735107422,143.21768011702426,140.0370229627389,140.40025572638473,64522000
2022-10-21,144.57240295410156,145.1417806685085,140.03701908535325,140.25299045906925,86548600
2022-10-24,146.7124786376953,147.47818995640918,143.32567626964715,144.4938810962025,75981900
2022-10-25,149.549560546875,149.6968219607416,146.6241498720804,147.34077415249868,74732300
2022-10-26,146.61427307128906,149.20591401942318,145.32825653907994,148.1947823413551,88194300
2022-10-27,142.1476287841797,146.3197794029668,141.48990330767347,145.35773474859954,109180200
2022-10-28,152.88726806640625,154.6150242142885,145.11234293200243,145.48537216958695,164762400
2022-10-31,150.53123474121094,151.41475823578028,149.13724698324478,150.3545390298714,97943200
2022-11-01,147.89048767089844,152.60256746450293,146.39834080336652,152.23934967138234,80379300
2022-11-02,142.37338256835938,149.3825935812287,142.34393329774386,146.2215753813775,93604600
2022-11-03,136.33607482910156,140.18426855678922,136.20845130657773,139.45781809061094,97918500
2022-11-04,136.07058715820312,140.28898493787645,132.1373429796548,139.71866273149064,140814800
2022-11-07,136.60154724121094,136.82770454508952,133.40578684396397,134.8217569283286,83374600
2022-11-08,137.17190551757812,139.069688836373,135.19545550623369,138.06672226567505,89908500
2022-11-09,132.61917114257812,136.23776400792798,132.34384521853534,136.18859544917655,74917800
2022-11-10,144.4188995361328,144.4188995361328,137.171901375878,138.88286812786214,118854000
2022-11-11,147.20166015625,147.50648417895965,141.96061049585242,143.38642351170455,93979700
2022-11-14,145.8053741455078,147.77199641885335,144.96955367768106,146.48386123047396,73374100
2022-11-15,147.53599548339844,151.02675299903876,146.0806992107757,149.67962155098414,89868300
2022-11-16,146.30685424804688,147.36883205309908,144.83188757505272,146.64119143040293,64218300
2022-11-17,148.20465087890625,148.95196191687904,143.71091192910288,143.98623783804743,80389400
2022-11-18,148.76515197753906,150.1516244369956,147.46718893347042,149.7681336507777,74829600
2022-11-21,145.5398712158203,147.8604860232478,145.2547175972566,147.65399909356225,58724100
2022-11-22,147.67364501953125,147.9096450709946,144.47788413446048,145.65786938764137,51804100
2022-11-23,148.548828125,149.29613922514196,146.84768896962234,146.95585380028717,58301400
2022-11-25,145.63824462890625,146.39539856946286,144.66476099104776,145.83490389805146,35195900
2022-11-28,141.8131103515625,144.19272111621666,140.9871327315936,142.7177546502144,69246000
2022-11-29,138.8140411376953,142.393293327039,138.00773375100172,141.88196729880755,83763800
2022-11-30,145.5595703125,146.23805750910813,138.20440600108748,139.040211602305,111380900
2022-12-01,145.83486938476562,146.64119170281938,144.16324348642758,145.73654727553216,71250400
2022-12-02,145.34320068359375,145.53003217962117,143.21924526160134,143.52408428382984,65447400
2022-12-05,144.1829071044922,148.4013049961633,143.33725898348703,145.3038811249747,68826400
2022-12-06,140.52496337890625,144.84169760083205,139.5514801929375,144.615540296504,64727200
2022-12-07,138.587890625,140.97732977170875,137.663575645007,139.817029693259,69721100
2022-12-08,140.2693328857422,141.12482380942538,138.7452125702619,139.98417924727298,62128300
2022-12-09,139.7875213623047,143.14061609699272,138.5485396692002,139.9645101732408,76097000
2022-12-12,142.07861328125,142.0884409898644,138.7058487137347,140.31847817047847,70462700
2022-12-13,143.0422821044922,147.46718252429508,141.8328135242381,147.00502505789572,93886200
2022-12-14,140.8199462890625,144.2123655486997,138.8041561479606,142.9242308011848,82291200
2022-12-15,134.2219696044922,139.43352160827794,133.7598121718234,138.75503452609877,98931900
2022-12-16,132.26516723632812,135.35276341025192,131.49818579850947,134.40879318099954,160156900
2022-12-19,130.160888671875,132.94366095306307,129.12842399506934,132.85516655290323,79592600
2022-12-20,130.0920867919922,131.02622951755586,127.72230297983688,129.19726991624464,77432800
2022-12-21,133.18946838378906,134.52677190815584,130.53453175568677,130.76068907847488,85928000
2022-12-22,130.0232391357422,132.31435609146064,128.12545567267372,132.10786913644063,77852100
2022-12-23,129.65939331054688,130.21004508793624,127.47644161865644,128.73507853958515,63814900
2022-12-27,127.85994720458984,129.2169213883547,126.57181200307966,129.1874232542848,69007800
2022-12-28,123.93653869628906,128.8432592520272,123.76937760067857,127.50595548300566,85438400
2022-12-29,127.44695281982422,128.30242867918332,125.5983306446105,125.8539861302219,75703700
2022-12-30,127.7615737915039,127.78124421000796,125.30330412522042,126.26695207612292,77034200
2023-01-03,122.9827117919922,128.71540946850325,122.09773035328112,128.10576142344397,112117500
2023-01-04,124.2511978149414,126.51281646624362,122.9925607402256,124.77235152537196,89113600
2023-01-05,122.93353271484376,125.63763785036863,122.67787726715528,125.0083194371755,80962700
2023-01-06,127.456787109375,128.11560378272642,122.80572954739812,123.90704074173942,87754700
2023-01-09,127.9779281616211,131.18353181246084,127.72227268810084,128.2925949020793,70790800
2023-01-10,128.54823303222656,129.06938662217885,125.9817909176488,128.0860756971166,63896200
2023-01-11,131.26220703125,131.28186245070447,128.28277553296553,129.0595847172529,69458900
2023-01-12,131.1835479736328,132.019353473187,129.2464237509339,131.6457054280313,71379600
2023-01-13,132.51101684570312,132.66835024455597,129.46276101465787,129.82658137088367,57809700
2023-01-17,133.67129516601562,134.99875596810472,131.8915047175872,132.5798193932039,63646600
2023-01-18,132.95350646972656,136.2967583598761,132.77650266153844,134.53663801277594,69672800
2023-01-19,133.01246643066406,133.97610688822573,131.53750011629828,131.84232408727254,58280400
2023-01-20,135.56912231445312,135.7166280099619,131.98004211916552,133.02234968254703,80223600
2023-01-23,138.75502014160156,140.9281441212582,135.59858513124948,135.81491475833332,81760300
2023-01-24,140.1513214111328,140.77081216801105,137.95854199183503,137.9683697007518,66435100
2023-01-25,139.4925079345703,140.0529874380773,136.49340619294276,138.53869500355867,65799300
2023-01-26,141.5574951171875,141.842648779811,139.53186132489677,140.78067082207204,54105100
2023-01-27,143.4945831298828,144.77289057415177,140.69215546789684,140.77082215722044,70555800
2023-01-30,140.61351013183594,143.12095684480488,140.4660194445421,142.540806802597,64015300
2023-01-31,141.8819580078125,141.93112656571586,139.90550801485074,140.31849689379183,65874500
2023-02-01,143.00291442871094,144.16322923439725,138.96152054070433,141.56728874190614,77663600
2023-02-02,148.30299377441406,148.65697138188685,145.6972102432423,146.41502317640206,118339000
2023-02-03,151.9215545654297,154.75349514117664,145.36287177724367,145.5595309829737,154357300
2023-02-06,149.1977996826172,150.5449461888697,148.2636570715711,150.02379246889225,69858300
2023-02-07,152.06906127929688,152.63938353904294,148.12598902287087,148.12598902287087,83322600
2023-02-08,149.38461303710938,152.0002240332312,148.64712974900905,151.31190929849808,64120100
2023-02-09,148.35215759277344,151.75442098443708,147.90967054867934,151.21359681759392,56007100
2023-02-10,148.7165069580078,149.0414968354293,146.95369947058745,147.1900598433605,57450700
2023-02-13,151.51341247558594,151.91717418893083,148.6279039729175,148.65744714640496,62199000
2023-02-14,150.87322998046875,151.43458016213006,148.5687729786889,149.80963097340685,61707600
2023-02-15,152.97093200683594,153.13834833360136,150.55814431502776,150.7846469892343,65573800
2023-02-16,151.3755645751953,153.95576900382952,151.0210314071575,151.17859001635838,68167900
2023-02-17,150.23313903808594,150.67630162569367,148.55896091432058,150.03617955770974,59144100
2023-02-21,146.22491455078125,149.0020922304812,146.1559855092862,147.91879277519925,58867200
2023-02-22,146.64840698242188,147.67260518894304,144.92498541296462,146.60900607426132,51011300
2023-02-23,147.1309814453125,148.05670759936388,145.00379786650186,147.8105044744373,48394200
2023-02-24,144.48184204101562,144.9545478123535,143.50687229977612,144.87576101262292,55469600
2023-02-27,145.6734619140625,146.90447752822308,145.21059884097443,145.46665970602933,44998500
2023-02-28,145.1712188720703,146.81585399639758,144.60002580056587,144.81668575965537,50547000
2023-03-01,143.10308837890625,144.9939263960711,142.8076416515582,144.60000744430354,55479000
2023-03-02,143.69400024414062,144.48185327566276,141.7145174362223,142.1872382713636,52238100
2023-03-03,148.73626708984375,148.81505391237968,145.0924629530937,145.79167158414404,70732300
2023-03-06,151.49371337890625,153.926201531547,151.1293375512549,151.4543124625378,87558000
2023-03-07,149.2975616455078,151.69064849711955,148.83469862838186,151.3656586110283,56182000
2023-03-08,150.5482940673828,151.1391876253047,149.52409559763862,150.4892077170001,47204800
2023-03-09,148.3029022216797,152.1929083670859,147.9483691410299,151.2277963802791,53833600
2023-03-10,146.24465942382812,148.64760438030467,145.3681768808884,147.92869544727571,68572400
2023-03-13,148.1847381591797,150.81418573238946,145.45680332509693,145.56513330123872,84457100
2023-03-14,150.27252197265625,151.07021762009597,147.82034869008896,148.98242012042218,73695900
2023-03-15,150.66644287109375,150.92248866561948,147.64306182318006,148.89377768233683,77167900
2023-03-16,153.4830322265625,154.08376844517147,149.33696504123728,149.84907174243986,76161100
2023-03-17,152.64593505859375,154.35951419092353,151.93686886777078,153.70953434482817,98944600
2023-03-20,155.00946044921875,155.4230948668754,151.80882025865256,152.71486085947325,73641400
2023-03-21,156.86093139648438,156.9791040860205,154.16253977805687,154.93070734117964,73938300
2023-03-22,155.43296813964844,159.6775078686916,155.41326768087632,156.880643804934,75701800
2023-03-23,156.51625061035156,159.09646969740976,155.28523492873595,156.41777837205046,67622100
2023-03-24,157.81622314453125,157.90485267428312,155.452678855526,156.44733419696482,59196500
2023-03-27,155.87612915039062,158.3283178086609,155.4723523985585,157.51092158923748,52390300
2023-03-28,155.2556610107422,156.08291480553032,153.61102618902072,155.57080817581272,45992200
2023-03-29,158.3282928466797,158.60403911493316,156.92986104995282,156.94954647836764,51305700
2023-03-30,159.8941650390625,160.0024950198449,158.8207229739758,159.07676882534926,49501700
2023-03-31,162.3955535888672,162.4940408365555,159.45097422374334,159.9729235769942,68749800
2023-04-03,163.64630126953125,163.76447396805997,161.7259197832038,161.7751634166065,56976200
2023-04-04,163.11448669433594,164.30610131295074,162.60238002597387,164.06975594835677,46278300
2023-04-05,161.27288818359375,162.54330471265868,159.34266411557562,162.2380152446489,51511700
2023-04-06,162.1592254638672,162.45467221127325,159.53962067833683,159.96308282888376,45390100
2023-04-10,159.5691375732422,159.5691375732422,157.6487565719111,158.96840146235982,47716900
2023-04-11,158.3578338623047,159.8941387722609,158.0722298566841,159.88429605818737,47644200
2023-04-12,157.66847229003906,159.59869619161648,157.35332510698044,158.77145737665472,50133100
2023-04-13,163.04556274414062,163.28192316496492,158.9684394039646,159.17525665056672,68445600
2023-04-14,162.70086669921875,163.794009087704,161.33197803499354,162.09027277975596,49386500
2023-04-17,162.72056579589844,162.87813940299813,161.53879379674336,162.58269264644778,41516200
2023-04-18,163.94174194335938,164.86746811951792,163.13418846133288,163.57736611842117,49923000
2023-04-19,165.08412170410156,165.60607111909823,163.02585218946157,163.2819130529251,47720200
2023-04-20,164.11898803710938,165.32046042282218,163.04554607797024,163.56749547193866,52456400
2023-04-21,162.5137481689453,163.9220227028112,161.991798793606,162.5432913390932,58337300
2023-04-24,162.81903076171875,163.08493430890758,161.40089854610392,162.49404087672,41949600
2023-04-25,161.28271484375,163.7841314779638,161.24331393654106,162.6811465088041,48714100
2023-04-26,161.27288818359375,162.7698073781101,160.32747660698578,160.58352244501583,45498800
2023-04-27,165.85226440429688,165.9999802574992,162.6811671878293,162.6811671878293,64902300
2023-04-28,167.1029510498047,167.2703823718156,165.33030085507357,165.93103698503495,55275900
2023-05-01,167.0143280029297,167.86126725124362,166.07875924686118,166.709038569301,52472900
2023-05-02,165.98028564453125,167.76280882251325,164.9954731830596,167.50674796522142,48425700
2023-05-03,164.90684509277344,168.32414556576836,164.6212560883793,166.925713661642,65136000
2023-05-04,163.2720489501953,164.50306450874902,161.81453073644045,162.3857237588548,81235400
2023-05-05,170.9339141845703,171.65282310766082,168.1665784150509,168.3832383689214,113453200
2023-05-08,170.86495971679688,171.20965008439242,169.49607101524845,169.86044681233005,55962800
2023-05-09,169.16122436523438,170.90433143409618,168.9938080662103,170.42178299192224,45326900
2023-05-10,170.92404174804688,171.38690478906514,169.28924951921832,170.39224965147537,53724500
2023-05-11,171.1112060546875,171.93844511343852,169.55520019062774,171.20969333517894,49514700
2023-05-12,170.1841583251953,171.653548851867,168.6358569767775,171.21962961924467,45533100
2023-05-15,169.6910858154297,170.815324358024,169.09937498339835,170.76601261404946,37266700
2023-05-16,169.6910858154297,170.74628490689332,169.42481443623242,169.61219003463674,42110300
2023-05-17,170.30250549316406,170.53917778241149,168.06388478776768,169.3360585337975,57951600
2023-05-18,172.62986755371094,172.81724313624747,170.19401507639674,170.60820660461047,65496700
2023-05-19,172.73831176757812,173.9513020679568,172.52135219543533,173.9513020679568,55809500
2023-05-22,171.79164123535156,172.2945999966471,171.05201016081833,171.5746815829952,43570900
2023-05-23,169.1881103515625,170.9829553293692,168.9119826700276,170.7364116817252,50747300
2023-05-24,169.46424865722656,170.03623176135926,168.16250594092847,168.72461766792532,45143500
2023-05-25,170.598388671875,171.49579632773333,169.31635838771984,170.0264054667032,56058300
2023-05-26,173.00460815429688,173.33991896491864,170.71669083708804,170.92379413047703,54835000
2023-05-30,174.8487548828125,176.51539231960112,174.12885165758402,174.51345913931758,55964400
2023-05-31,174.79945373535156,176.87042648421155,174.3162227478627,174.87834951174753,99625300
2023-06-01,177.6001739501953,177.62975798334406,174.4838587106697,175.24321733975688,68901800
2023-06-02,178.44830322265625,179.26683000310032,176.7816656255451,178.52719900186148,61996900
2023-06-05,177.09722900390625,182.39298156722955,175.57851175717974,180.10506441660397,121946500
2023-06-06,176.7323760986328,177.62978364684955,174.97697127382227,177.48186345973468,64848400
2023-06-07,175.36155700683594,178.7046879636189,174.86846975629078,175.97298038220674,61944600
2023-06-08,178.07354736328125,178.3398036598064,175.00654388250445,175.44044804834044,50214900
2023-06-09,178.4581756591797,179.71060666093933,178.13273621096323,178.99070336218668,48900000
2023-06-12,181.2490234375,181.34764691680863,178.468018885392,178.7638742754878,54274900
2023-06-13,180.7756805419922,181.60406367252176,179.91771337450308,180.27273686584888,54929100
2023-06-14,181.4068298339844,181.84074910193183,179.50351991974284,180.8348467124019,57462900
2023-06-15,183.43832397460932,183.94128262941163,181.23915892536104,181.41667817053525,65433200
2023-06-16,182.3634185791016,184.4048073735327,181.7224110612984,184.1483923281464,101256200
2023-06-20,182.45216369628903,183.52710548415504,181.8604679443372,181.8604679443372,49799100
2023-06-21,181.4167022705078,182.84665255889604,180.06563271508736,182.34369383727915,49515700
2023-06-22,184.4146423339844,184.46395407144703,181.1306792503188,181.19971869233248,51245300
2023-06-23,184.09909057617188,184.96692915011988,182.452180589944,182.9847233686237,53117000
2023-06-26,182.70860290527344,185.4501675478517,182.66914748789137,184.2470331308546,48088700
2023-06-27,185.45997619628903,185.78541559077308,183.10301971608257,183.31997931240525,50730800
2023-06-28,186.6335601806641,187.2745677103686,185.00637796044083,185.33180236622024,51216800
2023-06-29,186.9688262939453,187.4422009047134,186.32781886596203,186.4658826988121,46347300
2023-06-30,191.288314819336,191.7912585176698,188.6157746627016,188.9806695476879,85213200
2023-07-03,189.79916381835932,191.19952989799955,189.10882958307744,191.1009064221508,31458200
2023-07-05,188.684799194336,190.31198136153697,187.98460856583768,188.9214865295673,46920300
2023-07-06,189.15817260742188,189.3652759218269,186.58425595947688,187.21540718494305,45094300
2023-07-07,188.0437774658203,190.0062704618662,187.60987325439865,188.76369580404943,46815000
2023-07-10,186.0023956298828,187.36332142042107,184.4540942539423,186.6434031135775,59922200
2023-07-11,185.47970581054688,186.68283993061024,184.02017173211044,186.5447760995126,46638100
2023-07-12,187.14637756347656,189.0496875169185,185.86434744027207,187.05761040387253,60750200
2023-07-13,187.9056854248047,188.5467078881079,187.1561982107916,187.86624506525828,41342300
2023-07-14,188.0536499023437,188.53686585919,187.00830716161784,187.6000029338883,41616200
2023-07-17,191.3080291748047,191.6334686208352,189.1581605746784,189.2469126832782,50520200
2023-07-18,191.0515899658203,191.64330071064,189.75970372238763,190.6768538720752,48288200
2023-07-19,192.4026641845703,195.4893803490621,189.9865244553515,190.4303150490968,80507300
2023-07-20,190.4598999023437,193.75371936128715,189.83860510668907,192.39279363664537,59581200
2023-07-21,189.286361694336,192.2744696321092,188.5861710830146,191.41650251566853,71951700
2023-07-24,190.08514404296875,192.21528467718613,189.5920567691868,190.73602285584008,45377800
2023-07-25,190.943115234375,191.75178560391285,190.2527960456413,190.65713123041024,37283200
2023-07-26,191.8109741210937,192.9352126477052,190.6472952285624,190.9924473358141,47471900
2023-07-27,190.54869079589844,194.47366217807732,189.8879555038913,193.30998316918408,47460200
2023-07-28,193.12257385253903,193.9115165426313,191.4559363697747,191.97860770429688,48291400
2023-07-31,193.7340087890625,193.77346420221568,192.56045853696887,193.34940127389007,38824100
2023-08-01,192.90562438964844,194.0101351852124,192.5801849485631,193.52691923606864,35175100
2023-08-02,189.91751098632807,192.48155598125388,189.19760772385692,192.3434921357412,50389300
2023-08-03,188.52700805664065,189.710414639766,188.0536484329567,188.92148694956984,61235200
2023-08-04,179.47390747070312,184.7893875659068,179.4048680308995,182.95510234495143,115956800
2023-08-07,176.37733459472656,180.5981607115797,174.89807268327343,179.6119861039443,97576100
2023-08-08,177.314208984375,177.77771228390873,175.12490000933562,177.20572916857282,67823000
2023-08-09,175.72647094726562,178.42857997538025,174.5627769846933,178.36941190145535,60378500
2023-08-10,175.50949096679688,178.25105509162734,175.14461118800062,176.99860916334498,54686900
2023-08-11,175.56874084472656,176.3883728930982,174.34424265962002,175.10462674008653,52036700
2023-08-14,177.21792602539062,177.44504830503124,175.0947779746906,175.74653589173266,43675600
2023-08-15,175.23300170898438,177.23763842738072,174.8380051896738,176.64514364841483,43622600
2023-08-16,174.36399841308594,176.30937200366554,174.29486573787133,174.91699954220002,46964900
2023-08-17,171.82611083984375,175.29225282363015,171.31260330101006,174.92688028330798,66062900
2023-08-18,172.3099822998047,172.91236175457905,169.81159252872837,170.14734105941557,61172200
2023-08-21,173.64312744140625,173.92951274494206,171.56937297444222,172.88275833759562,46311900
2023-08-22,175.01571655273438,175.46009132134986,174.0479647127042,174.84784230984178,42038900
2023-08-23,178.85711669921875,179.28175219727777,176.1019810531239,176.28960964053493,52722800
2023-08-24,174.1763458251953,178.83737622633825,173.810958290209,178.41274073112407,54945800
2023-08-25,176.3784942626953,176.91174101480664,173.62335841851225,175.16386577811136,51449600
2023-08-28,177.9387664794922,178.33376298082638,176.31925671498092,177.8400098200833,43820700
2023-08-29,181.8196563720703,182.5899100858624,177.2573820568172,177.45488030453177,53003900
2023-08-30,185.3055725097656,185.5030858470339,182.4319402975977,182.629438566714,60813900
2023-08-31,185.52281188964844,186.75719481874472,185.13768501849643,185.4931879048022,60794500
2023-09-01,187.09295654296875,187.5472010181368,185.9276912341992,187.12258052751665,45766500
2023-09-05,187.32994079589844,187.6064413525269,185.26605625958229,185.92768366781115,45280000
2023-09-06,180.62478637695312,186.4905763861184,179.20277485131902,186.04618648324464,81755800
2023-09-07,175.34161376953125,175.98350189646143,171.37183427986267,172.99134398653018,112488800
2023-09-08,175.953857421875,177.9881329660241,175.56873058484743,176.121746745329,65551300
2023-09-11,177.119140625,178.0473990105972,175.12437356668377,177.82027676778657,58953100
2023-09-12,174.09735107421875,177.87950173703112,172.6358460753217,177.24749835360407,90370200
2023-09-13,172.03347778320312,175.08486860955094,171.8063404869434,174.30473020059844,84267900
2023-09-14,173.54437255859375,173.89987544974738,171.41135521167203,171.82610607332606,60895800
2023-09-15,172.82345581054688,174.29484548306786,171.64833608181547,174.2750911398521,109259500
2023-09-18,175.7465057373047,177.13889330258442,173.96899129951683,174.27511585610648,67257600
2023-09-19,176.83274841308594,177.38574949277796,174.91698390976052,175.30211073798526,51826900
2023-09-20,173.2974853515625,177.45487842056565,173.20859833310675,177.0203732393163,58436200
2023-09-21,171.75697326660156,174.09737357666756,171.68785565712008,172.36923745366522,63149100
2023-09-22,172.606201171875,174.86759879629756,171.87545623128412,172.4877052502978,56725400
2023-09-25,173.880126953125,174.7590070374673,171.97423178505466,172.02361011818323,46172700
2023-09-26,169.8115997314453,173.01111068359924,169.51534481079926,172.63586851438868,64588900
2023-09-27,168.3007049560547,170.8780972082127,166.93795639924983,170.4633463371719,66921800
2023-09-28,168.55747985839844,169.8807348967939,165.52582779726043,167.2243401117975,56294400
2023-09-29,169.0709686279297,170.90773103963988,168.21182785802986,169.87084635964763,51861100
2023-10-02,171.57919311523438,172.12232450994816,168.79441854678254,169.0808037676989,52164500
2023-10-03,170.24607849121094,171.46072207785286,168.6858318118607,170.1078282132375,49594600
2023-10-04,171.4903564453125,172.03348795172127,168.8339619515459,168.9524578917983,53020300
2023-10-05,172.72471618652344,173.25796291419545,170.5225664715738,171.61869897615148,48527900
2023-10-06,175.2725067138672,175.76625988669193,171.0163417068709,171.6286058875163,57266700
2023-10-09,176.7537841796875,176.81303215553828,173.6036362062995,174.6010122921434,42390800
2023-10-10,176.1612548828125,177.47464011941017,175.72674968355904,175.8748846750232,43698000
2023-10-11,177.55364990234375,177.60302823490863,175.38113888285298,175.9736336691769,47551100
2023-10-12,178.45228576660156,180.0619109305439,176.80313684087554,177.8202822818536,56743100
2023-10-13,176.6155242919922,179.65703072033497,175.91438812346496,179.15340788479125,51427100
2023-10-16,176.4871368408203,176.84263973108403,174.3047411678942,174.54174811745375,52517000
2023-10-17,174.93675231933594,176.19088966345473,172.61612132571108,174.44299912050275,57549400
2023-10-18,173.64312744140625,175.36139405816417,172.92225196490105,173.38638119353993,54764400
2023-10-19,173.2678680419922,175.6181228712257,173.00123711265553,173.84060845589931,59302900
2023-10-20,170.7200927734375,173.22835212793277,170.4830858385587,173.11972583296543,64244000
2023-10-23,170.838623046875,171.83599917885627,167.80697088494813,168.7747380957869,55980100
2023-10-24,171.27310180664062,171.50022404547477,169.30795876796012,170.88797493724758,43816600
2023-10-25,168.96234130859375,170.89784530264086,168.51795139973865,169.73259505065448,57157000
2023-10-26,164.80494689941406,169.23885617849143,163.6001878537521,168.24146504420852,70625300
2023-10-27,166.1183319091797,166.8490920877316,164.74569858206283,164.8247009041889,58499100
2023-10-30,168.16244506835938,169.03145545417337,166.7601878982554,166.90832288755587,51131000
2023-10-31,168.63644409179688,168.764809656098,165.8022909489589,167.23418704526227,44846000
2023-11-01,171.7964630126953,172.0532092124064,167.99455793411695,168.86356825336904,56934900
2023-11-02,175.35147094726562,175.55883879665177,173.26783240773895,173.32708036470643,77334800
2023-11-03,174.44297790527344,174.61086723243213,171.1842192438163,172.06309922812656,79829200
2023-11-06,176.99073791503906,177.18823614800198,174.00847994055556,174.17635419198152,63841300
2023-11-07,179.5484161376953,180.1606652677133,176.7340169447808,176.94138484513783,70530000
2023-11-08,180.6050567626953,181.15805797213443,179.32129534469576,180.07180990163698,49340300
2023-11-09,180.13101196289062,181.81963914926845,179.5385022077218,180.6741433937705,53763500
2023-11-10,184.3136749267578,184.48178544542023,181.475802800193,181.9108804268445,66133400
2023-11-13,182.7315826416016,183.9478113332898,182.14818998578377,183.7401702602705,43627500
2023-11-14,185.342025756836,186.0045247766197,184.214786141562,185.5991101996175,60108400
2023-11-15,185.90565490722656,187.3789832148446,185.6782334530312,185.7474572062222,53790500
2023-11-16,187.586654663086,188.82266388785249,186.5385061665612,187.4482222334322,54412900
2023-11-17,187.56686401367188,188.24914348244,186.4594046371221,188.1205937019468,50922700
2023-11-20,189.3071746826172,189.76203272766995,187.75475490242272,187.7646375447921,46505100
2023-11-21,188.50621032714844,189.3763655204944,187.61628985249988,189.2675961213261,38134500
2023-11-22,189.16873168945312,190.77059476808083,188.69410838615653,189.34672485819107,39617700
2023-11-24,187.8437347412109,188.76331834061185,187.13179223741545,188.7336553269539,24048300
2023-11-27,187.6657257080078,188.5358809364272,186.78568783853885,187.79427548166112,40552600
2023-11-28,188.26890563964844,188.9413024556769,187.2800983304318,187.6558499360948,38415400
2023-11-29,187.2504425048828,189.93999969621768,186.85492560121705,188.7633165390084,43014200
2023-11-30,187.8239288330078,188.1897977650501,186.0836335536744,187.71515943504943,48794400
2023-12-01,189.0995178222656,189.4159283197641,187.11200544734405,188.19969953750024,45704800
2023-12-04,187.3097381591797,187.9228088748552,185.3519041538941,187.85358512953687,43389500
2023-12-05,191.255111694336,192.22413865175915,188.0513705178724,188.08104861869373,66628400
2023-12-06,190.1674346923828,192.580111925794,189.95977851245675,192.2735840647624,41089700
2023-12-07,192.09559631347656,192.817421410012,191.42319951100376,191.46276025185608,47477700
2023-12-08,193.51950073242188,193.79636559429088,191.50232520965804,192.0263919187675,53406400
2023-12-11,191.0177764892578,191.3243194093573,189.2774811684409,190.9485678278168,60943700
2023-12-12,192.5306854248047,192.54056806660665,189.57414602172835,190.9189246189266,52696900
2023-12-13,195.7443084716797,195.78385412672148,192.66911702808835,192.90642113434447,70404200
2023-12-14,195.8926239013672,197.3857175620074,193.964452594447,195.8036348613561,66831600
2023-12-15,195.35867309570312,196.1793699091571,194.7950456705572,195.3191123528845,128538400
2023-12-18,193.697494506836,194.4292174656076,192.2142833032751,193.89525298304312,55751900
2023-12-19,194.73570251464844,194.74558515548247,193.69745188302565,193.96443406555755,40714100
2023-12-20,192.6493377685547,195.46742966263125,192.6493377685547,194.69616113684165,52242800
2023-12-21,192.50099182128903,194.87413831888384,191.33420648650613,193.90511142023345,46482500
2023-12-22,191.43310546875,193.2228443252002,190.8101520215648,192.9954077755279,37149600
2023-12-26,190.8892364501953,191.71983089218512,190.67169765519787,191.4429660781885,28919300
2023-12-27,190.98812866210932,191.3342172608312,188.95118798803827,190.33552729492325,48087700
2023-12-28,191.413314819336,192.4812284908812,191.00790021395272,191.967044481322,34049900
2023-12-29,190.3750762939453,192.2241411947973,189.5840274029703,191.72973752393827,42672100
2024-01-02,183.56219482421875,186.33085840634024,181.8317819713932,185.0552884826901,82488700
2024-01-03,182.187744140625,183.79950485996184,181.37691491631995,182.1580811288092,58414500
2024-01-04,179.8739471435547,181.0407325644792,178.85547678867908,180.1112512492328,71983600
2024-01-05,179.15211486816406,180.71443234786256,178.1534248404595,179.95306152436652,62379700
2024-01-08,183.4830780029297,183.5226387437428,179.46852282651062,180.0519155054874,59144500
2024-01-09,183.0677947998047,183.07767744176536,180.68476543102267,181.8614486084712,42841800
2024-01-10,184.1060333251953,184.31367440860305,181.8614365329183,182.2866315170422,46792900
2024-01-11,183.5127410888672,184.9564063690912,181.5647895230864,184.4521049955326,49128400
2024-01-12,183.8390655517578,184.6498948423917,183.11724039185432,183.97749798089004,40477800
2024-01-16,181.57470703125,182.19764543114704,178.9049149905355,180.12115895148446,65603000
2024-01-17,180.63531494140625,180.8825167727283,178.281963767062,179.24110807963172,47317400
2024-01-18,186.5187225341797,187.02300881659585,183.75005912546,184.0071435872404,78005800
2024-01-19,189.41590881347656,189.8015430260912,186.7065866846462,187.21087293560348,68903000
2024-01-22,191.71983337402344,193.1437182004388,190.1080727596782,190.14763349819023,60133900
2024-01-23,192.99539184570312,193.55901922054,191.660511110776,192.83719415255703,42355600
2024-01-24,192.32302856445312,194.18199120084623,192.16481576816372,193.23272951111284,53631300
2024-01-25,191.9967193603516,194.07322080915367,190.94858599423333,193.03497008475264,54822100
2024-01-26,190.26629638671875,192.5801018175765,189.7916731135176,192.09559590318423,44594000
2024-01-29,189.5840301513672,190.04877081575225,187.4581003710548,189.86089500402176,47145600
2024-01-30,185.9353179931641,189.6532430962833,185.37170567810733,188.80286821503816,55859400
2024-01-31,182.3360748291016,185.00586682539145,182.28664653050623,184.94652570867123,55467800
2024-02-01,184.76852416992188,184.857513201702,181.7625567551165,181.9306521778128,64885400
2024-02-02,183.76983642578125,185.2332669548565,177.24370243482153,177.84687547061628,102551700
2024-02-05,185.579345703125,187.1317803970082,183.75994390321247,186.0440863383638,69668800
2024-02-06,187.1812286376953,187.19111127921155,184.67954732588265,184.7685363635356,43490800
2024-02-07,187.2899932861328,188.91163664571195,186.49894443287428,188.50622203381667,53439000
2024-02-08,186.2122039794922,187.418535043408,185.2530596605407,187.2702199788289,40962000
2024-02-09,186.9745330810547,188.10321111496148,186.13296840440984,186.7765071990768,45155200
2024-02-12,185.2914276123047,186.79633688725167,184.9350021289556,186.54881961012745,41781900
2024-02-13,183.202377319336,184.3607714461939,181.68757282391297,183.9251386304961,56529500
2024-02-14,182.32118225097656,183.6874821699868,180.62817288870548,183.4795761606389,54630500
2024-02-15,182.0341033935547,182.6578517542401,179.54903541760635,181.727184392981,65434500
2024-02-16,180.49948120117188,183.0142649801448,179.86583763061847,181.5984584212064,49752500
2024-02-20,179.75694274902344,180.6182980286837,178.2124373755958,179.98465441119404,53665600
2024-02-21,180.5093994140625,181.0737309260645,178.86588113831095,180.13316833455778,41371400
2024-02-22,182.53903198242188,183.1231842228548,180.64801151557128,181.6578711029192,52292200
2024-02-23,180.70741271972656,183.2023759242145,180.42028422645075,183.17267506039363,45119700
2024-02-26,179.3609161376953,180.9450175834942,178.85597124394113,180.43019254491847,40867400
2024-02-27,180.8163146972656,182.0934971193568,177.77679547469845,179.30151026553332,54318900
2024-02-28,179.61831665039062,181.30143093346825,178.34113428414614,180.6974882375532,48953900
2024-02-29,178.95497131347656,180.75690414056305,177.74708592784262,179.4698114222519,136682600
2024-03-01,177.87582397460938,178.7371792855814,175.61846756104012,177.76691576574171,73563100
2024-03-04,173.36109924316406,175.14321147352493,172.06409607852763,174.4006596751229,81510100
2024-03-05,168.43055725097656,170.33148818677603,167.93552268101038,169.06420089624305,95132400
2024-03-06,167.4404754638672,169.53943215491887,167.00484265804033,169.36121186741923,68587700
2024-03-07,167.32167053222656,169.0344857697736,166.81674075207243,167.47017484778516,71765100
2024-03-08,169.03448486328125,171.9749911536114,167.26226790901475,167.32166963491963,76267000
2024-03-11,171.034423828125,172.64824117092596,170.34137853305091,171.22253935977105,60139500
2024-03-12,171.5096435546875,172.30170175265368,169.3116892312768,171.43043622416553,59825400
2024-03-13,169.43052673339844,171.4700666239107,169.06419090034882,171.05423942259554,52488700
2024-03-14,171.28196716308594,172.57895536432744,170.34140446890183,171.19286456313577,72913500
2024-03-15,170.90570068359375,170.90570068359375,168.5988381717502,169.47010369924573,121752700
2024-03-18,171.9947967529297,175.94517770513775,171.7967859641753,173.82643054023092,75604200
2024-03-19,174.33135986328125,174.85609525037736,171.31164624406932,172.6086342803731,55215200
2024-03-20,176.8956298828125,176.8956298828125,173.3511809805003,173.97492929704185,53423100
2024-03-21,169.66812133789062,175.72735394947048,169.14338597139206,175.29172116809335,106181300
2024-03-22,170.56910705566406,171.33146450930536,168.37115239719608,170.05426688241553,71160100
2024-03-25,169.15328979492188,170.23246134793257,167.76718417070535,168.8760716915293,54288300
2024-03-26,168.02464294433594,169.71765273934344,167.89592911986227,168.3117563520967,57388400
2024-03-27,171.5888671875,171.87599567632833,168.42064920188324,168.71767294274684,60273300
2024-03-28,169.7770233154297,170.51957504542207,168.8166552027259,170.04434616825796,65672700
2024-04-01,168.3414306640625,169.54931605122675,167.79688969325008,169.48991432845702,46240500
2024-04-02,167.1632537841797,167.65828830624176,166.55931106297376,167.40087579338118,49329500
2024-04-03,167.9652099609375,168.98497988400436,166.90584392266877,167.11374996517486,47691700
2024-04-04,167.1434783935547,170.2126836435028,167.1434783935547,168.59886612133832,53704400
2024-04-05,167.89590454101562,168.69785802201392,167.27215623034843,167.90579979250484,42104800
2024-04-08,166.77713012695312,167.51968192191484,166.5692240844266,167.3513719945941,37425500
2024-04-09,167.98501586914062,168.39094781013864,166.67813256359855,167.02464767080627,42373800
2024-04-10,166.11378479003906,167.4107728345435,165.45044033625643,167.12365945587084,49709300
2024-04-11,173.30166625976562,173.71750852250418,166.49000200344838,166.6682071669761,91070300
2024-04-12,174.79669189453125,176.5887144383463,172.47993396851362,172.52942533467058,101670900
2024-04-15,170.97503662109375,174.8759113224836,170.7869210734751,173.61851932570818,73531800
2024-04-16,167.69790649414062,172.0343988146065,166.59892920522176,170.04436539186383,73711200
2024-04-17,166.33157348632812,168.95525000139605,166.33157348632812,167.92558500319552,50901200
2024-04-18,165.38111877441406,166.96523521407434,164.8959946340493,166.36129252101995,43122900
2024-04-19,163.3614044189453,164.7474951408098,162.4505426435407,164.55939469854349,68149400
2024-04-22,164.19302368164062,165.59891971474525,163.1336578084027,163.8762094876148,48116400
2024-04-23,165.24252319335938,165.39104261951863,163.28219064755024,163.70792820716713,49537800
2024-04-24,167.34149169921875,167.6187098522012,164.5593998092657,164.8861093338651,48251800
2024-04-25,168.20285034179688,168.91570135131437,166.48012455092012,167.84642483703811,50558300
2024-04-26,167.6186981201172,169.63843239437367,167.49987955768665,168.19293999888993,44838400
2024-04-29,171.7769775390625,174.28185098854456,171.38095596804143,171.64826373021612,68169400
2024-04-30,168.63845825195312,173.25218351807536,168.31173366197407,171.6086653165762,65934800
2024-05-01,167.6186981201172,170.99483730573115,167.43058257791944,167.8959162536964,50383100
2024-05-02,171.3116455078125,171.69777183075684,169.19289835753364,170.79680537480178,94214900
2024-05-03,181.5588836669922,185.14292911827533,180.84603267784937,184.7963988764884,163224100
2024-05-06,179.9054412841797,182.37070337959045,178.62824383792136,180.5390848280799,78569700
2024-05-07,180.58859252929688,183.06376520709568,179.51933122687228,181.6281680754234,77305800
2024-05-08,180.9252014160156,181.2519259752609,179.64800403830677,181.0341096024307,45057100
2024-05-09,182.737045288086,182.82614787366472,180.3014688648197,180.74699689996783,48983000
2024-05-10,181.4779510498047,183.5004246665796,180.56585391849484,183.3120539854214,50759500
2024-05-13,184.68019104003903,185.4931559868038,183.03444380225457,183.8474087490193,72044800
2024-05-14,185.8203125,186.68285108112164,184.69010361608505,185.8996272619275,52393600
2024-05-15,188.0906524658203,189.01265820085425,185.76082862824447,186.29619948475903,70400000
2024-05-16,188.2096405029297,189.458829238671,188.0311936136785,188.8342348708004,52845200
2024-05-17,188.2393951416016,189.17132485957904,187.55531842828847,187.88248620977504,41282900
2024-05-20,189.3993530273437,190.2718004798306,187.3867877585141,187.70404687859929,44361300
2024-05-21,190.69810485839844,191.07483113273048,189.2803778274553,189.44891605266244,42309400
2024-05-22,189.26055908203125,191.1640835786065,188.6359797615981,190.6188039117619,34648500
2024-05-23,185.27505493164065,189.35966699130785,185.0272019643745,189.33983451815809,51005900
2024-05-24,188.34844970703125,188.9433029650237,186.4251079843019,187.1984232707908,36327000
2024-05-28,188.3583526611328,191.34249703943843,187.4759966736773,189.8652878598297,52280100
2024-05-29,188.65577697753903,190.59895109353056,187.8824768517226,187.9816240997488,53068000
2024-05-30,189.647201538086,190.52955764421512,188.99288109200768,189.12175436970267,49889100
2024-05-31,190.5989532470703,190.9162123421418,188.2790528434088,189.7959119633218,75158300
2024-06-03,192.3636474609375,193.3154095298356,190.8666209557148,191.24334718637152,50080500
2024-06-04,192.6809234619141,193.64259428823087,191.3722523931234,192.96842627855952,47471400
2024-06-05,194.18785095214844,195.2090040354236,193.19643901671665,193.72188613227584,54156800
2024-06-06,192.809799194336,194.8124556459051,192.5024638984892,194.0094143560484,41181800
2024-06-07,195.19908142089844,195.2486550396786,192.4726987931798,192.9783133981505,53103900
2024-06-10,191.4614715576172,195.6055813883456,190.49980075281104,195.20900753042525,97010200
2024-06-11,205.37095642089844,205.3808802210458,191.9670792480836,191.98689659289,172373300
2024-06-12,211.2401580810547,218.3089152196564,205.1231328450552,205.58909768640683,198134300
2024-06-13,212.4001007080078,214.888539245905,209.7827737762817,212.8958066808934,97862700
2024-06-14,210.6651153564453,213.32209192759063,209.48533280144244,212.01343611534224,70122700
2024-06-17,214.8092041015625,217.06962191331425,210.89313031273133,211.5375419652657,93728300
2024-06-18,212.4496459960937,216.7523850703462,211.1707313217612,215.7213082393038,79943300
2024-06-20,207.87925720214844,212.4001085490653,207.0563985691976,212.09275812722348,86172500
2024-06-21,205.70806884765625,210.0702753319445,205.33132746963065,208.5831574221536,241805100
2024-06-24,206.3524932861328,210.87332959032133,204.8158016590104,205.9361020610361,80727000
2024-06-25,207.2745056152344,209.5646648210329,206.81844945769743,207.3538052595708,55549700
2024-06-26,211.41860961914065,213.0147835489249,208.83102368645305,209.68363861405976,66213200
2024-06-27,212.2613067626953,213.8872217725645,210.5263358320774,212.8462361886446,49772700
2024-06-28,208.8111724853516,214.21437951883613,208.4939285392998,213.9169529190877,82542700
2024-07-01,214.88853454589844,215.6420021622164,210.10001313722785,210.26855134899324,60402900
2024-07-02,218.37831115722656,218.4873670751859,213.2527132686293,214.2936836981781,58046200
2024-07-03,219.64730834960932,219.64730834960932,217.1489461385908,218.11061688690268,37369800
2024-07-05,224.3961639404297,224.5052198536283,219.7464397478406,219.7464397478406,60412400
2024-07-08,225.8634796142578,225.89322076278884,221.3327197032473,225.13973799267995,59085900
2024-07-09,226.7160797119141,227.4298975332092,224.4259205051531,225.97252074204383,48076100
2024-07-10,230.9791412353516,231.0782884768828,227.28117906796425,227.3307526887298,62627700
2024-07-11,225.61561584472656,230.39421338925845,223.83107137940016,229.40280147827104,64710600
2024-07-12,228.56007385253903,230.6420447213184,226.716047266054,226.95399154834823,53046500
2024-07-15,232.386947631836,235.1926451763578,231.08820043911544,234.44908623752588,62631300
2024-07-16,232.80337524414065,234.2409196318231,230.3347538954296,232.9818221444648,43234300
2024-07-17,226.91436767578125,229.47221227385296,224.69359950369105,227.479464610192,57345900
2024-07-18,222.2547149658203,228.46096321097224,220.36112971273343,228.3023336745397,66034600
2024-07-19,222.38360595703125,224.8522270905052,221.3624528868853,222.88923571935769,49151500
2024-07-22,222.03663635253903,225.82382229500527,221.1740976327557,225.06043082550624,48201800
2024-07-23,223.0776214599609,224.99105459605977,220.7676295522315,222.4431183487035,39960300
2024-07-24,216.6631774902344,222.86942645430565,215.2652980307627,222.07629380801336,61777600
2024-07-25,215.62217712402344,218.95332167523745,212.77681471652627,217.0497975364767,51391200
2024-07-26,216.0881500244141,217.6050090608147,214.15488466672127,216.8217851678197,41601300
2024-07-29,216.36575317382807,217.41664743865044,213.8971319294418,215.096747065996,36311800
2024-07-30,216.92092895507807,218.43778796730905,214.2639371695869,217.3075789949067,41643800
2024-07-31,220.1727752685547,221.8978375670677,218.7352309170004,219.53827220377053,50036300
2024-08-01,216.4846954345703,222.55213120715743,215.15620716620225,222.4430752969037,62501000
2024-08-02,217.97183227539065,223.6625423233413,215.84030263063204,217.2679231335739,105568600
2024-08-05,207.4727783203125,211.66644653820467,194.3167378055649,197.3801970311264,119548600
2024-08-06,205.4502716064453,208.18657796978488,199.3431861620261,203.53685401433648,69660500
2024-08-07,208.01806640625,211.80525225793107,204.61751548926864,205.12313014700663,63516400
2024-08-08,211.47805786132807,212.36041379670297,207.03653703937616,211.2797785182288,47161100
2024-08-09,214.3829345703125,214.9182903897197,210.1496011292121,210.27848952903548,42201600
2024-08-12,215.91146850585932,217.8767320905019,213.9958359256548,214.4623401059105,38028100
2024-08-13,219.62364196777344,220.2390240033397,217.38044783379533,217.38044783379533,44155300
2024-08-14,220.07028198242188,221.3705324358261,218.06530765715263,218.9288446755302,41960600
2024-08-15,223.0479736328125,223.6732909687273,221.10255033510867,222.9288713384501,46414000
2024-08-16,224.3680725097656,225.1422676891868,221.98592068094567,222.2539159800548,44340200
2024-08-19,224.2092742919922,224.30853630427512,221.380473539752,224.0405409873165,40687800
2024-08-20,224.8246307373047,225.4797235950926,223.772520166148,224.09014645304697,30299000
2024-08-21,224.7154693603516,226.2837152200136,223.375523094966,224.8345868015738,34765500
2024-08-22,222.8593597412109,226.64100861280963,222.2340424758978,226.0950979165247,43695300
2024-08-23,225.15219116210932,226.52192810531065,222.66087229355688,223.98097823318813,38677300
2024-08-26,225.48963928222656,225.5889012812352,222.22412549030665,225.0727661478488,30602200
2024-08-27,226.3333282470703,227.14723425887112,223.21669220638532,224.31843379232603,35934600
2024-08-28,224.80479431152344,228.14971479709,224.0008084384826,226.22414704916852,38052200
2024-08-29,228.0802459716797,231.1869621230462,227.1770283167567,228.3879521456165,51906300
2024-08-30,227.296142578125,228.6857199244299,225.787447784096,228.4772908951128,52990800
2024-09-03,221.11248779296875,227.2961293418145,219.52438650802387,226.8494805883164,50190600
2024-09-04,219.206787109375,220.12986023982225,215.86185105944423,220.01075793789536,43840200
2024-09-05,220.7253875732422,223.80231295165623,219.8717857931132,219.9809679444758,36615400
2024-09-06,219.177001953125,223.5641132436584,218.13481142105056,222.2837029728863,48423000
2024-09-09,219.2663116455078,219.62363365317324,215.0975649862482,219.17698492990527,67180000
2024-09-10,218.4722595214844,219.83206111139577,215.1174037589381,217.29111136152252,51591000
2024-09-11,221.00331115722656,221.4301044903715,216.2687979033432,219.81224273641337,44587100
2024-09-12,221.11248779296875,221.8866830044339,218.1844402475294,220.8444924827673,37455600
2024-09-13,220.844467163086,222.3730019797634,220.2588607501888,221.91643313573508,36766600
2024-09-16,214.7104949951172,215.603792556434,212.32834292284383,214.92884416844976,59357400
2024-09-17,215.176986694336,215.2861688549661,212.9040318988166,214.14473138540643,45519300
2024-09-18,219.0479431152344,221.05291740528648,215.921371822364,215.931307109631,59894900
2024-09-19,227.1670837402344,228.11002736409569,222.9586412306041,223.31596324984213,66781300
2024-09-20,226.5020751953125,231.3556905514529,225.92638886705737,228.2589097535001,318679900
2024-09-23,224.7849578857422,227.74278104335212,224.12986496132828,225.6484798300337,54146000
2024-09-24,225.67825317382807,227.64353192764617,224.050456167142,226.94872814757065,43556100
2024-09-25,224.68569946289065,225.59885242729763,222.3531936181764,223.2564112941643,42308700
2024-09-26,225.8271331787109,226.7998372114188,223.7328321067472,225.60876888531143,36636700
2024-09-27,226.0951232910156,227.81226214161185,225.6087788258606,226.7601514881057,34026000
2024-09-30,231.2663726806641,231.2663726806641,227.9412921655648,228.32838978012128,54541900
2024-10-01,224.5269012451172,227.9412933564836,222.0752779583648,227.8122709144617,63285000
2024-10-02,225.0926513671875,225.67825786117984,221.3606329474616,224.2092739820147,32880600
2024-10-03,223.99090576171875,225.1224230122484,221.65839996957536,223.4648504260935,34044200
2024-10-04,225.11248779296875,226.3035561118749,222.4623558611945,226.20429410810965,37245100
2024-10-07,220.0405120849609,224.0107499786272,219.6831900687208,222.8296017820206,39505400
2024-10-08,224.09017944335932,224.29860847272343,221.5889250741904,222.6311156567822,31855700
2024-10-09,227.8321075439453,228.04055170887608,223.1571606453159,223.554178398676,33591100
2024-10-10,227.33583068847656,227.7924147414137,225.47974919262128,226.08521111865923,28183500
2024-10-11,225.85693359375,227.70309500312143,225.64848941975737,227.5939128444124,31759200
2024-10-14,229.5790252685547,230.00581860221664,226.89911753216435,226.99836439928595,39882100
2024-10-15,232.11004638671875,235.7229623804217,230.6410474142004,231.87182665313995,64751400
2024-10-16,230.0554351806641,230.3929017691756,228.12986736523644,229.8767817438953,34082200
2024-10-17,230.42269897460932,232.1100623660924,228.80483716826544,231.6931740173152,32993800
2024-10-18,233.25149536132807,234.4227083661851,232.2688559498539,234.4227083661851,46431500
2024-10-21,234.720458984375,235.0877162866724,232.7055644739604,232.7055644739604,36254500
2024-10-22,234.10508728027344,234.4624093106695,230.8693487210388,232.14974382855843,38846600
2024-10-23,229.0430145263672,233.3904297884605,226.06533615951,232.33831918874512,52287000
2024-10-24,228.8544464111328,229.10258628095696,226.71051430099084,228.26882480795348,31109500
2024-10-25,229.6881866455078,231.48471683213373,227.86188088691333,228.0306141764868,38802300
2024-10-28,231.6633758544922,232.98348177622344,230.8197093862656,231.5839844241638,36087100
2024-10-29,231.931381225586,232.5864741436605,230.59143496071303,231.365630174708,35417200
2024-10-30,228.387939453125,231.7328600109945,227.8420287171323,230.87925826342104,47070900
2024-10-31,224.2291259765625,228.11995749798112,223.69313535160188,227.63359787833264,64370100
2024-11-01,221.2514495849609,223.6732972736376,218.6310930183328,219.3258816637916,65276700
2024-11-04,220.3581085205078,221.1323036464344,218.07523400035527,219.34570882983752,44944500
2024-11-05,221.7873992919922,222.2836790018177,219.49458945583885,220.14968230766976,28111300
2024-11-06,221.06283569335932,224.3879158153704,219.54422098922427,220.9536535511224,54561100
2024-11-07,225.7874298095703,226.1844626949484,222.899093187882,222.95864433437472,42137700
2024-11-08,225.51914978027344,227.2083542879204,224.9726384261151,225.72780810336752,38328800
2024-11-11,222.80645751953125,224.26712634517853,220.0937933412938,223.5715733715174,42005600
2024-11-12,222.80645751953125,224.15782408060912,221.94198562097503,223.1244332571579,40398300
2024-11-13,223.69081115722656,225.21109667354563,221.3457931121334,222.5878574334345,48566200
2024-11-14,226.7711639404297,227.41703140021204,223.57160465201176,223.59148192887395,44923900
2024-11-15,223.57159423828125,225.47940335635096,222.8462328667566,224.96270031544069,47923700
2024-11-18,226.5724334716797,228.28151537171908,223.7405204544732,223.82001439888424,44633700
2024-11-19,226.83074951171875,228.6988190707445,225.221039030722,225.53899960732684,36211800
2024-11-20,227.5462188720703,228.470307592388,224.45596175602088,226.6121839320157,35169600
2024-11-21,227.0692443847656,228.6988322336917,224.2770861035494,227.42695953023323,42108300
2024-11-22,228.41065979003903,229.25526960886552,226.6121530455377,226.6121530455377,38168300
2024-11-25,231.39161682128903,231.7692092379923,228.2814979784893,229.99057974831032,90152800
2024-11-26,233.56771850585932,234.07449047305911,231.84870566104107,231.84870566104107,45986200
2024-11-27,233.4385528564453,234.19373774290256,232.32566796514345,232.9814816311976,33498400
2024-11-29,235.82330322265625,236.3002516789311,232.4846337048964,233.3192972938568,28481400
2024-12-02,238.0689849853516,239.26136388188385,235.65441885701784,235.763721140312,48137100
2024-12-03,241.10952758789065,241.218829858088,237.3833345065081,238.28756099978403,38861000
2024-12-04,241.4672241210937,242.560246738831,239.71840309463144,241.32811352991968,44383900
2024-12-05,241.4970550537109,242.98753231090083,240.59284370740727,242.4410361127995,40033900
2024-12-06,241.2983245849609,243.0769692456264,240.5431549096241,241.36788746709487,36870600
2024-12-09,245.1835021972656,245.6703968797777,240.2152448072501,240.2947387449205,44649200
2024-12-10,246.1970367431641,246.63424582967983,243.7824557106041,245.32261857013248,36914800
2024-12-11,244.92515563964844,249.2077910379196,244.69660488558225,246.38582450957213,45205800
2024-12-12,246.3858337402344,247.1608807008323,244.12029436088807,245.3226193526416,32777500
2024-12-13,246.55474853515625,247.7073727380188,244.67674782957272,246.24671899982584,33155300
2024-12-16,249.44625854492188,249.78411156803347,246.07778066556844,246.41563368868003,51694800
2024-12-17,251.8707733154297,252.2185573987637,248.19426586582333,248.49236434269267,51356400
2024-12-18,246.4752655029297,252.6657103008961,246.1672359539693,250.55917390522964,56774100
2024-12-19,248.2041931152344,250.400169527173,245.5213371883983,245.92873792847348,60882300
2024-12-20,252.8743896484375,253.3811464831127,244.13025293349912,246.4653249902114,147495300
2024-12-23,253.6494140625,254.02699130961165,251.84096111600803,253.15258832932108,40858800
2024-12-24,256.5608215332031,256.5707374276886,253.66927695641888,253.868019379837,23234700
2024-12-26,257.3755798339844,258.4487403486908,255.9944201288889,256.55086249805703,27237100
2024-12-27,253.9673767089844,257.05764856283577,251.45343969164696,256.19314630806485,42355300
2024-12-30,250.5988922119141,251.8906421270002,249.15810064436016,250.6287005424076,35557500
