Date,Close,High,Low,Open,Volume
2020-01-02,151.82955932617188,151.93353980620552,149.6648931447306,150.0902625907942,22622100
2020-01-03,149.93898010253906,151.196193090949,149.40963030188232,149.6554101548303,21116200
2020-01-06,150.3265838623047,150.3927598163758,147.9444947187136,148.4833066063073,20813700
2020-01-07,148.95591735839844,150.9315317648506,148.7101519070475,150.60069532153608,21634100
2020-01-08,151.32852172851562,151.99967088764276,149.30564115169364,150.23200324889638,27746500
2020-01-09,153.2190399169922,153.34192981630176,152.2170545267061,152.98272206367199,21385000
2020-01-10,152.5101318359375,154.2872472384287,152.35888490302304,153.909144329844,20725900
2020-01-13,154.34396362304688,154.3723206204449,152.43451073060453,152.90714658550698,21626500
2020-01-14,153.25689697265625,154.64644744971824,152.86933213511907,154.44793405712338,23477400
2020-01-15,154.24948120117188,154.9678971670826,153.67287911610023,153.7201311781048,21417900
2020-01-16,157.0758056640625,157.1419816102334,155.05292468702913,155.35541857174925,23865400
2020-01-17,157.95489501953125,158.3046409067749,156.37627870580366,158.2573744405716,34371700
2020-01-21,157.38775634765625,158.98526801417273,157.32158039758605,157.55789835006,29517200
2020-01-22,156.6315460205078,158.3235907455817,156.6126365444651,158.2385053152415,24138800
2020-01-23,157.595703125,157.6713265938342,156.22506200867213,157.09471026471257,19680800
2020-01-24,156.00767517089844,158.36140750217533,155.44996818605821,158.34249802467247,24918100
2020-01-27,153.39869689941406,154.4385015834786,151.4325299482661,152.3305352170298,32078100
2020-01-28,156.40467834472656,156.6882483457103,154.14547932010373,154.81661422070258,24899900
2020-01-29,158.84347534179688,159.51462470178666,156.6220951483202,158.6544238565207,34754500
2020-01-30,163.3240509033203,164.52455005778435,161.44295493874296,164.52455005778435,51597500
2020-01-31,160.91360473632812,162.9648426873359,160.29918387299614,162.7852531721158,36142700
2020-02-03,164.83653259277344,164.94996061485972,161.07433972491364,161.1026967304352,30107000
2020-02-04,170.26234436035156,170.75388971293165,166.6608612717509,167.44543856138947,36433300
2020-02-05,170.05441284179688,174.11908498739666,168.64596691048436,173.95839049164914,39186300
2020-02-06,173.5802764892578,173.75988045068001,170.20564902136644,171.0658498767549,27751400
2020-02-07,173.82598876953125,175.47076649707245,172.49315239154268,172.8429126812408,33529100
2020-02-10,178.37278747558594,178.50512495189932,173.22105900121804,173.53300042903595,35844300
2020-02-11,174.34591674804688,180.2633124685266,173.45735903159144,180.2160459982191,53159900
2020-02-12,174.6011962890625,175.67880578484775,171.89771781034432,175.42357830793108,47062900
2020-02-13,173.65586853027344,176.03794280419976,172.86182934859667,173.06034274994119,35295800
2020-02-14,175.20611572265625,175.26282971697995,172.65387058847747,173.22103937911754,23149500
2020-02-18,176.9832305908203,177.42750947945905,175.3479144568941,175.4518949292075,27792200
2020-02-19,177.51402282714844,178.3670852904449,176.746263717562,178.25334748549824,29997500
2020-02-20,174.80319213867188,177.48562006806304,171.6563251140853,177.20126104182248,36862400
2020-02-21,169.27716064453125,173.93112500826635,168.00704036902022,173.6183316037425,48572600
2020-02-24,161.97874450683594,165.44789308309143,154.71818051515862,159.02144511099954,68311100
2020-02-25,159.30577087402344,165.72272971041576,158.90765961105674,165.11610394922226,68073300
2020-02-26,161.29624938964844,164.2251136153781,159.43846438675976,160.86024482213514,56206100
2020-02-27,149.93148803710938,158.31999888346724,149.74192019388477,154.80346983288783,93174900
2020-02-28,153.56179809570312,155.17316122234865,144.07378619818417,144.46240975052115,97012700
2020-03-02,163.7796173095703,163.90284290585905,153.8461156233935,156.68967642563902,71030800
2020-03-03,155.93142700195312,165.87441879835387,153.79875590311715,164.73699710492832,71677000
2020-03-04,161.6564483642578,161.79862063132381,156.98352219099715,159.70387209335476,49814400
2020-03-05,157.59962463378906,161.95974258543,157.0498678014542,157.39109568141728,47817300
2020-03-06,153.1447296142578,154.60441795195356,147.86517755045685,154.1304911008303,72821100
2020-03-09,142.76573181152344,149.5239338956656,142.17806709572008,143.1259208763582,70419300
2020-03-10,152.52862548828125,152.63288998051783,144.6235285924919,149.91255431457344,65354400
2020-03-11,145.61875915527344,149.47651594433142,143.2680717176468,148.9362468910333,56371600
2020-03-12,131.80853271484375,145.4671079518946,131.35356699021355,137.72314498743467,93226400
2020-03-13,150.547607421875,153.46699860222324,133.39144937999532,139.80842308587606,92727400
2020-03-16,128.35833740234375,141.5619460470006,127.96024061156848,132.6995087823673,87905900
2020-03-17,138.9269256591797,139.8084226699975,127.96025125728585,132.69951982237052,81059800
2020-03-18,133.07864379882812,138.386629909358,127.97920110693828,130.8038008732288,81593200
2020-03-19,135.2681884765625,142.32020684342646,131.75164539050618,135.3250573763045,85922700
2020-03-20,130.18768310546875,139.4292546662423,128.77537619356914,138.38661003824973,84866200
2020-03-23,128.8891143798828,133.23977291994353,125.6095493819508,129.86540232404437,78975200
2020-03-24,140.60464477539062,141.79894995189665,133.9033251888628,136.25399882324018,82516700
2020-03-25,139.25865173339844,146.28225050950442,136.9079788119045,141.14488563874747,75638200
2020-03-26,147.969482421875,148.49080499301627,140.63308755743213,140.66152201921224,64568100
2020-03-27,141.89369201660156,146.8130548956865,141.4197651798974,143.83679493970843,57042300
2020-03-30,151.87457275390625,152.22528840805572,142.18750815722464,144.4907998422536,63420300
2020-03-31,149.4860382080078,156.18735745872982,148.39599759418257,151.08789907794045,77927200
2020-04-01,144.1780242919922,149.5239184853041,142.9552994047509,145.02161349129338,57969900
2020-04-02,147.16375732421875,147.37228629111345,142.5192800719628,143.94106059364518,49630700
2020-04-03,145.80833435058594,149.17321783075897,144.25385488302902,147.01211258227983,41243300
2020-04-06,156.6517791748047,157.8176351324215,149.3627821810192,151.95990642835253,67111700
2020-04-07,154.96461486816406,161.13513757689245,154.74659809212773,160.74651406806288,62769000
2020-04-08,156.51905822753906,157.97874630175247,154.97405234356808,157.03089277059914,48318200
2020-04-09,156.52853393554688,158.64224329248236,154.81292133217562,157.68491641818002,51385100
2020-04-13,156.87921142578125,156.93609477892562,153.83661010338588,155.77971247094064,41905300
2020-04-14,164.64218139648438,164.6895769731253,159.23941831070533,160.18727199112618,52874300
2020-04-15,162.91708374023438,164.51895866137778,160.41475077875486,162.27253576214963,40940800
2020-04-16,167.80799865722656,168.03548873292664,163.88388524576575,165.2108889927018,50479600
2020-04-17,169.28665161132812,170.6136408101682,166.6990009789437,170.13971403013997,52765600
2020-04-20,165.93128967285156,169.42887263033774,165.86494742536163,167.41942713278866,36669600
2020-04-21,159.06881713867188,164.6137526846759,157.4479809248554,164.4526192889561,56203700
2020-04-22,164.47157287597656,164.92653858793065,161.91237085947336,162.45263993058774,34620200
2020-04-23,162.48109436035156,165.9312815649868,161.997694135911,165.0308233603539,32790800
2020-04-24,165.44786071777344,165.45733404774205,161.8081061021307,163.08769987665707,34277600
2020-04-27,164.9739227294922,167.67529682402676,164.26303252623075,167.38146452077441,33194400
2020-04-28,160.95501708984375,166.5094397501478,160.55692031443468,166.43360972677016,34392700
2020-04-29,168.1776885986328,168.41465204272475,162.91711171027274,164.18723229946127,51286600
2020-04-30,169.86483764648438,170.9927711993211,167.04022371080399,170.61363557217732,53875900
2020-05-01,165.4668426513672,169.32460004626728,164.93603238128148,166.63269876050148,39370500
2020-05-04,169.51414489746094,169.6658049540385,164.73696882006053,165.39099015883954,30372900
2020-05-05,171.333984375,174.0732802663321,170.51882982966782,171.20128547055504,36839200
2020-05-06,173.0211944580078,174.59463494769062,172.15865865064302,172.58518988955504,32139300
2020-05-07,174.0259552001953,174.92641337480944,173.05914032044407,174.5662243197236,28316000
2020-05-08,175.04959106445312,175.35291115035147,173.79843186786684,175.33395002920838,30877800
2020-05-11,177.00216674804688,177.73200352529332,173.31501723341563,173.59936171125372,30892700
2020-05-12,172.99276733398438,177.2865432828998,172.79372616350702,177.05906765949712,32038200
2020-05-13,170.37667846679688,174.45245169269722,167.3340621565615,173.03067134387834,44711500
2020-05-14,171.11598205566406,171.26764207870445,166.5188870410364,168.28189503536728,41873900
2020-05-15,173.60888671875,177.30551035404773,167.77010447055184,169.72268077345782,46610400
2020-05-18,175.26763916015625,176.49036412535662,174.36718099656215,176.06383283345417,35264500
2020-05-19,174.05441284179688,176.86954002615218,173.92171387694623,175.38140249030337,26799100
2020-05-20,176.46864318847656,176.64923929090085,174.83379305536764,175.66071783659345,31261300
2020-05-21,174.34906005859375,177.42866500256986,174.21599151490622,176.22153388980064,29119500
2020-05-22,174.425048828125,175.3280292137114,173.50306901585824,174.12089846406892,20826900
2020-05-26,172.5811004638672,177.26702615062376,172.13436738782855,177.11494371976403,36073600
2020-05-27,172.8092041015625,172.98030045667377,167.85714157024967,171.27890913531226,39517100
2020-05-28,172.41952514648438,175.03338242380826,171.45003216242014,171.79221042249597,33810200
2020-05-29,174.1779327392578,175.1474401638824,171.47853469767063,173.68367206153434,42130400
2020-06-01,173.77871704101562,173.94029918509904,172.47654567180405,173.50306582205417,22622400
2020-06-02,175.75576782226562,175.84130876193302,172.37201306609043,175.12843859127653,30794600
2020-06-03,176.18345642089844,176.73474433085303,174.49157933669008,175.67019636866664,27311000
2020-06-04,173.86428833007812,176.63972791378023,173.27498693658933,175.1759741448824,28761800
2020-06-05,177.93240356445312,178.43616402505074,172.99933933390125,173.57914102484705,39893600
2020-06-08,179.03497314453125,179.21556924712382,175.309040013136,176.73478039775375,33211600
2020-06-09,180.4036865234375,181.25912495422665,177.98942467972202,178.69279515847796,29783900
2020-06-10,187.09512329101562,188.69195979526327,181.55374485339544,181.66781392729945,43872300
2020-06-11,177.04844665527344,186.0686216229626,176.85835083624784,183.56883332118247,52854700
2020-06-12,178.4456787109375,182.2286392845335,176.01240284356672,181.1070492631869,43373600
2020-06-15,179.5862579345703,181.37319049220972,174.90031707971195,175.44210537773787,32770200
2020-06-16,183.98707580566406,185.89756295607665,181.9815334821753,183.34073253618902,42556700
2020-06-17,184.62387084960938,186.60089915769962,184.10109650074745,185.37475436642524,25687800
2020-06-18,186.60093688964844,186.7625190840823,184.39578446432728,184.39578446432728,23061600
2020-06-19,185.48880004882812,189.423842544377,184.74741628179572,188.7584999974735,44441100
2020-06-22,190.6405029296875,190.8210845257473,185.56485622646053,186.0971303068874,32818900
2020-06-23,191.9141387939453,193.85313907898706,191.45789148879962,192.0852206558405,30917400
2020-06-24,188.045654296875,193.18782826180146,186.8290236235657,191.6195195901801,36740600
2020-06-25,190.42185974121094,190.6784970410009,185.79296114833386,188.00761269061277,27803900
2020-06-26,186.61041259765625,189.9941675360762,185.23219976083442,189.8420850773338,54675800
2020-06-29,188.6159210205078,188.70146194950837,183.96800866755066,186.08760498304542,26701600
2020-06-30,193.43496704101562,194.28090585114805,187.9506288521649,188.0836973895998,34310300
2020-07-01,194.56600952148438,196.1343324418635,191.78107062870032,193.0832420355836,32061200
2020-07-02,196.04876708984375,197.72164478695544,194.85115060490307,195.49747916723908,29315800
2020-07-06,200.2689666748047,200.6776863993689,197.78817819437523,198.49154856739926,31897600
2020-07-07,197.9402618408203,204.04242807649197,197.69313876394023,200.03134453942326,33600700
2020-07-08,202.29354858398438,202.70225385814945,198.35850577769656,199.67019154758614,33600000
2020-07-09,203.7097930908203,205.6678075649142,201.00088055902637,205.62027998475654,33121700
2020-07-10,203.09193420410156,203.48164000033935,200.6301596435578,203.04440663081272,26177600
2020-07-13,196.8187255859375,205.11653102704423,196.27693724789137,203.86187245686293,38135600
2020-07-14,198.0353240966797,198.51057084084894,192.02819828875812,195.92522739229784,37591800
2020-07-15,197.7406463623047,200.86777786204274,194.87966636549174,199.18540043368412,32179400
2020-07-16,193.8246307373047,195.51650798920733,192.2943356382939,195.23135704153594,29940700
2020-07-17,192.8361358642578,194.88919090755047,191.4198952550157,194.3474171263726,31635300
2020-07-20,201.1243896484375,201.78973206294626,192.95964111525447,194.85112801820785,36884800
2020-07-21,198.41554260253906,203.34860679664743,197.731186037843,203.0824697440858,37990400
2020-07-22,201.2669677734375,201.7897420189791,198.07330952284784,198.84320681929202,49605700
2020-07-23,192.51295471191406,200.47809519758303,192.14226281240857,196.93275836350443,67457000
2020-07-24,191.3343505859375,192.81711817294266,187.73197198353216,190.497911638035,39827000
2020-07-27,193.75811767578125,193.87217226170424,190.91613671502756,191.4959383657706,30160900
2020-07-28,192.01869201660156,194.56600751672175,191.75255500922717,193.52997313063014,23251400
2020-07-29,193.9576873779297,194.51847502189628,192.00917294201005,192.4749199448213,19632600
2020-07-30,193.80563354492188,194.33792212812435,189.69000914080848,191.04920798725416,25079600
2020-07-31,194.86068725585938,194.9462427022277,189.1577256692906,194.28088558108962,51044000
2020-08-03,205.81985473632812,206.86540338070947,200.02185312701084,201.0483878405726,78983000
2020-08-04,202.7307891845703,204.13753026340575,199.89832209925245,203.5672282581068,49280100
2020-08-05,202.39808654785156,204.3561008212258,201.09591510463036,204.26104567065477,28806400
2020-08-06,205.63929748535156,205.65829691503933,201.07692527530068,201.8278088426474,32656800
2020-08-07,201.96087646484375,205.02146702314252,200.48760848126565,204.21355616358002,27820400
2020-08-10,197.9402618408203,201.3905577207116,196.13433007915847,201.19094771383908,36716500
2020-08-11,193.3114013671875,197.3699987722324,193.08327767210696,196.90426617025983,36446500
2020-08-12,198.833740234375,199.86977468236574,194.61354671761342,195.12680683296387,28013100
2020-08-13,198.36795043945312,200.88676640717807,197.84517621948177,199.07132070844887,22588900
2020-08-14,198.55810546875,199.21394836744497,197.23691995666195,198.42503694607137,17958900
2020-08-17,199.8697967529297,200.73474942577576,198.5771248528308,199.22346805457104,20184800
2020-08-18,201.0198974609375,201.8468222550465,198.85277320484522,200.10741721992852,21336200
2020-08-19,199.80026245117188,202.0869694902149,199.37150942461267,201.50576642003222,27627600
2020-08-20,204.44989013671875,204.85006060351787,199.04756702727556,199.64781545825596,26981500
2020-08-21,202.96359252929688,206.04110414119745,202.80161976429585,203.7639336758104,36249300
2020-08-24,203.6019287109375,205.34553813622844,202.4014026425913,204.6499901784463,25460100
2020-08-25,206.25071716308594,206.38410735274064,203.03981539454313,203.03981539454313,23043700
2020-08-26,210.7097930908203,211.60541925134504,207.09872041084344,207.59417596445235,39600800
2020-08-27,215.8834228515625,220.2376708942696,209.04237476042434,212.36762114380463,57602200
2020-08-28,218.10342407226562,219.75174867918676,215.8834189640669,217.40787607007542,26292900
2020-08-31,214.88294982910156,217.90329550897903,213.72054366354158,216.2835537410724,28774200
2020-09-01,216.5408477783203,216.7123432061148,213.83490987501472,214.86392605709895,25725500
2020-09-02,220.71405029296875,221.86693390935534,216.61706023468037,217.2077860584741,34080800
2020-09-03,207.0415496826172,218.4845678117185,204.81202155908042,218.44646255713243,58400300
2020-09-04,204.135498046875,208.0514701428707,195.50321280100798,204.94537631657883,59664100
2020-09-08,193.09268188476562,200.11474887844855,192.65439150452016,196.75139686508913,52924300
2020-09-09,201.31521606445312,204.69762722495835,196.9419086014435,197.79942927592472,45679000
2020-09-10,195.6746826171875,204.60234415505118,194.47417119348202,203.32559316845246,35461500
2020-09-11,194.39797973632812,198.7808248995314,191.73969878966778,197.41832597706613,33620100
2020-09-14,195.7128143310547,199.32388603691476,194.39795802128066,194.59805053998278,30375800
2020-09-15,198.92373657226562,199.87652772915487,197.16106711664477,198.58073117424792,21823900
2020-09-16,195.3697967529297,200.70541761062034,194.97914895511403,200.6768350437984,26328100
2020-09-17,193.33087158203125,194.68383338131366,190.52014036683838,190.60588808814126,34011300
2020-09-18,190.9298095703125,194.0359033488756,186.98525496432242,193.22603963005503,55225300
2020-09-21,192.9783172607422,193.140304553541,187.109134700145,187.88089322203805,39839700
2020-09-22,197.6279296875,198.27583520030763,192.5400286648774,195.3793420932357,33517100
2020-09-23,191.12034606933594,198.27581589133334,190.58678542747754,198.0852460577235,30803800
2020-09-24,193.5976104736328,195.8652577628293,189.79596905441002,190.41529194301134,31202500
2020-09-25,198.0090789794922,199.17147089640537,192.97832794574248,193.94065638575495,29437300
2020-09-28,199.55259704589844,202.5348382407548,198.2377404994357,200.9246187398699,32004900
2020-09-29,197.47549438476562,200.1528498081341,197.04674126220954,199.4668389966685,24221900
2020-09-30,200.40054321289062,201.97264262940195,196.78945699327505,197.9232806684825,33829100
2020-10-01,202.4300079345703,203.88777718640915,201.34382663832886,203.41138162597977,27158400
2020-10-02,196.4560089111328,201.02940932407267,195.83668594256645,198.18055856092133,33154800
2020-10-05,200.44822692871094,200.47680950300756,197.20872797016887,197.4374031029824,21331600
2020-10-06,196.18922424316406,200.25763188349316,195.1506854050532,198.9618499090392,28554300
2020-10-07,199.9241485595703,200.1909288915541,196.96096780077255,197.2849132698332,25681100
2020-10-08,200.6387939453125,201.21999722056478,198.48549083850378,200.5720915757786,19925800
2020-10-09,205.62184143066406,205.66948389253287,201.25805652305527,201.25805652305527,26458000
2020-10-12,210.94796752929688,213.29184029670688,206.574659376011,208.4611818961351,40461400
2020-10-13,212.33900451660156,214.57806919963946,210.02371480834992,212.20561435708677,28950800
2020-10-14,210.43345642089844,213.634835303714,208.78513178296774,212.47242892410338,23421700
2020-10-15,209.2901153564453,209.9570662787995,205.81241880530467,206.85097224701303,22733100
2020-10-16,209.2901153564453,211.79594628889316,208.96616984250753,209.75697373287338,26057900
2020-10-19,204.10694885253906,211.8055041277788,203.6305532132676,210.01425187181692,27625800
2020-10-20,204.51658630371094,207.10817903708136,203.03023464101497,205.61230469803786,22753500
2020-10-21,204.65956115722656,206.67947393271433,203.05886431483884,203.05886431483884,22724900
2020-10-22,204.7452850341797,205.86004890997927,201.70587900793112,203.8305991538514,22351500
2020-10-23,206.02203369140625,206.0696761583048,203.09697231586392,204.87868717803974,18879600
2020-10-26,200.1623992919922,206.12686763320366,198.275876577037,203.75442658606894,37111600
2020-10-27,203.18270874023438,204.5356704020045,200.400560381581,201.60107197312493,36700300
2020-10-28,193.11170959472656,198.9809067591582,192.5591035035503,197.8661428219542,51195600
2020-10-29,195.0553741455078,197.57074179703807,193.769100483678,194.43606581258936,31432600
2020-10-30,192.91165161132812,194.64572418081875,190.19619064813955,193.89302546658493,36953700
2020-11-02,192.7782745361328,195.5890060955772,190.67259926723062,194.64573743039514,30842200
2020-11-03,196.68466186523438,198.29488116733683,193.5309256171822,194.26457884266878,27512000
2020-11-04,206.17446899414062,208.01336340786992,202.391887100831,203.91635870169142,42311800
2020-11-05,212.74871826171875,213.53953661910697,210.70974588983486,211.5577293870567,36080100
2020-11-06,213.15843200683594,213.76821774632472,207.73704817031117,211.76735056508159,25231900
2020-11-09,208.08004760742188,217.35070093341986,207.59412938058674,213.84443666623005,44395000
2020-11-10,201.0484619140625,206.27929073276394,199.81936768721027,204.37370837033654,44045100
2020-11-11,206.32693481445312,207.74658438097188,202.18228732835718,202.36331998035507,29440800
2020-11-12,205.26931762695312,208.76605923155117,204.33558641645527,206.95576195060497,21593900
2020-11-13,206.288818359375,207.15586184430438,204.04976775287432,206.1459054941405,18621100
2020-11-16,206.97479248046875,207.4607252129614,204.3927369169169,204.72620505613375,24953300
2020-11-17,204.3355712890625,207.40354503928398,203.97350604430233,205.89814800130065,24154100
2020-11-18,201.6416778564453,205.54879230047052,201.49837627647196,204.0967541671124,28372800
2020-11-19,202.9217529296875,203.50447769292882,200.5430866843581,201.9282623804157,24792700
2020-11-20,200.9825439453125,203.75286645318923,200.60998313112907,202.71160861053573,22843100
2020-11-23,200.71505737304688,202.79757297783098,198.8522533741571,201.51749377618378,25683500
2020-11-24,204.29734802246094,204.66990876691133,199.52092074668704,200.21827504753026,33979700
2020-11-25,204.30691528320312,205.6634190108347,202.95997374000245,205.49147460908594,21012900
2020-11-27,205.6060791015625,206.59958411200816,204.4692871071578,205.24308055003328,14512200
2020-11-30,204.49801635742188,205.15715124474664,201.41243305795305,204.52667376224022,33064800
2020-12-01,206.54229736328125,207.60266491805436,203.81018007832992,204.91830024990742,30904500
2020-12-02,205.7398223876953,205.83535676314904,203.2847463647257,205.2717418468699,23724500
2020-12-03,204.66041564941406,206.7047264846699,204.09678600267054,205.01386669744562,25120900
2020-12-04,204.77499389648438,205.749389157134,203.6477494623016,204.6412545137677,24666000
2020-12-07,204.7081298828125,205.902236795737,203.46627035457135,204.78455447441974,24620000
2020-12-08,206.35125732421875,207.24922820799597,203.37077062615214,204.40248092390664,23284100
2020-12-09,202.32949829101562,205.60612098805632,201.76588327062407,205.53925857408703,32440600
2020-12-10,201.10671997070312,203.55224866960762,200.9538707828964,202.3008269195042,26733300
2020-12-11,203.7242431640625,203.78157255596147,199.75981294989188,200.65778392841838,30979400
2020-12-14,204.62217712402344,206.5423105513928,203.36120768395418,203.57137168671602,28798400
2020-12-15,204.5552978515625,205.78760978755588,202.74980875954856,205.5487884019641,27000600
2020-12-16,209.47500610351562,210.26789482840616,205.11890649691244,205.14756389617955,35023300
2020-12-17,209.60879516601562,211.01306636889345,208.17586655707936,210.03867083339577,32515800
2020-12-18,208.81585693359375,209.8666768292249,206.3607807432557,208.81585693359375,63354900
2020-12-21,212.6370086669922,213.98396480092967,207.56444469078173,207.82237587263162,37181900
2020-12-22,213.9266357421875,215.54107055840896,211.93009255917391,212.7325288753373,22612200
2020-12-23,211.13720703125,213.5636258075844,210.9270430533982,213.13375024434208,18699600
2020-12-24,212.7898712158203,213.6114174296126,211.30917559396767,211.51933959585654,10550600
2020-12-28,214.90106201171875,215.92321005733746,213.04780555492192,214.413857010838,17933500
2020-12-29,214.1272735595703,217.0217879256929,213.58276831645435,216.1906940710148,17403200
2020-12-30,211.76768493652344,215.54107436358564,211.56708314219108,215.15895141354764,20272300
2020-12-31,212.47463989257812,213.02870733797383,209.85715187326116,211.78683303460437,20942100
2021-01-04,207.95611572265625,213.02867970996735,205.20488864757192,212.57969433100567,37130100
2021-01-05,208.15672302246094,208.7490099968448,206.055097651957,207.54534083146888,23823000
2021-01-06,202.75936889648438,206.8097850939476,202.46323269229157,202.68294429919243,35930700
2021-01-07,208.52931213378906,209.53236504897438,204.1541163901864,204.46934784854162,27694500
2021-01-08,209.79981994628906,210.71690054092753,207.3256337272198,208.90184914517474,22956200
2021-01-11,207.76507568359375,209.12157952096553,207.03904928013995,208.701251514019,23031300
2021-01-12,205.31948852539062,207.39247071614403,203.78149299111993,206.819293632982,23249300
2021-01-13,206.66648864746094,207.0677068608454,204.3642467924793,204.45023357688456,20087100
2021-01-14,203.4949188232422,207.73638872403765,203.22744005260643,206.2556933016969,29480800
2021-01-15,203.1414337158203,204.9182651362014,202.54916143452607,203.9725419227152,31746500
2021-01-19,206.7620391845703,207.27788704877008,203.12240300079074,204.1923183200217,30480900
2021-01-20,214.30873107910156,215.69389204513064,207.57396584423725,207.9656363711107,37777300
2021-01-21,214.91061401367188,216.18114567833973,212.47463268897792,214.65268280655076,30709400
2021-01-22,215.8468017578125,219.7825887676581,215.70351473291043,216.92627926708488,30172700
2021-01-25,219.2667236328125,219.505545055719,214.1941589425185,218.87505300088512,33152100
2021-01-26,221.94149780273438,223.7087673579532,219.7921052743459,221.49251241957313,49169600
2021-01-27,222.4860076904297,229.68886918924537,219.84942471419154,227.35797002149073,69870600
2021-01-28,228.2463836669922,231.79049969167863,224.57809042509956,225.07484302342925,49111200
2021-01-29,221.5880584716797,227.377086987308,221.00533366135892,225.437858347954,42503100
2021-02-01,228.93418884277344,231.65675864090633,222.0370256255715,224.54943142500284,33314200
2021-02-02,228.8004608154297,231.47526355109804,228.0171341621031,230.51043029200613,25916300
2021-02-03,232.13441467285156,234.13095819780892,228.5616410677944,228.85779186575422,27158100
2021-02-04,231.18865966796875,232.36367143508832,229.6219918883106,231.80960404543467,25296100
2021-02-05,231.3701934814453,232.4019037859869,229.6697861026184,231.39885088630734,18054800
2021-02-08,231.62811279296875,232.78400026698355,230.04233511511973,232.27770003844776,22211900
2021-02-09,232.86996459960938,233.81568797324968,230.58683269861282,231.0549132931618,23565000
2021-02-10,231.9624481201172,234.9238246286542,230.1187393980578,234.0449636571625,22186700
2021-02-11,233.55776977539062,234.1882471613524,231.32239050634175,233.83479617171466,15751100
2021-02-12,234.03541564941406,234.331551842112,231.87646094509842,233.0228007069779,16561100
2021-02-16,232.80308532714844,235.12443679051168,232.05796376520485,234.0736168562319,26728500
2021-02-17,233.81809997558594,233.92342402976274,230.69670058555735,231.06054997454606,21653500
2021-02-18,233.42547607421875,233.5595235129109,230.62004946084875,231.5200885249569,16925600
2021-02-19,230.72535705566406,233.4924904651733,229.96893508329921,233.38716644155568,25262600
2021-02-22,224.5399627685547,227.81456205861232,222.51966738845243,227.32624961880384,36446900
2021-02-23,223.35269165039062,224.84636699354783,219.00569842343597,220.53768137594562,30228700
2021-02-24,224.5782928466797,225.20065276027566,219.26424384032524,220.2312992194705,26339700
2021-02-25,219.25465393066406,224.61656504128703,218.19184422785054,222.21328121333582,39542200
2021-02-26,222.50051879882812,225.36339152614113,219.78124846412535,221.68665015677448,37819200
2021-03-01,226.86668395996094,227.3741502565887,223.23780465757733,225.8708905631292,25324000
2021-03-02,223.9272003173828,227.21138422250442,223.5250580328917,226.93370515768925,22812500
2021-03-03,217.88548278808594,223.6495518308172,217.59823410434785,222.28992364520352,34029500
2021-03-04,217.0907440185547,222.60587139092198,214.7257530035434,217.10032822667858,44727800
2021-03-05,221.7537078857422,223.3527073519188,216.83223166317447,219.76213575150246,41872800
2021-03-08,217.7227020263672,223.44846319176875,217.473760970506,221.5334915341693,35267400
2021-03-09,223.841064453125,225.37304781873598,221.82076851213768,222.97933294126645,33080500
2021-03-10,222.53884887695312,226.92413561375264,222.17499959610404,226.92413561375264,29746800
2021-03-11,227.0486297607422,229.0018945134101,224.34851258579613,224.97088716934874,29907600
2021-03-12,225.72727966308594,225.79431068260828,223.31441133153996,224.0612490943871,22653700
2021-03-15,224.8272705078125,225.19111983906194,221.95481269708776,224.9709021643943,26034900
2021-03-16,227.60398864746094,229.85407183469758,225.90923444714625,226.23477615950077,28092200
2021-03-17,226.9624481201172,228.4082611592605,223.31442922996186,226.11028626548793,29562100
2021-03-18,220.91111755371094,224.23359433735567,220.5376986886075,222.6728878603491,34833000
2021-03-19,220.556884765625,222.5867502154878,219.5993988575651,221.19839857081604,46430700
2021-03-22,225.9570770263672,226.82837799232317,220.35577930626062,220.48025713428592,30127000
2021-03-23,227.47946166992188,230.8019383245051,226.99114920685457,227.3932914605699,31638400
2021-03-24,225.4496307373047,227.88163843332822,225.31558329909987,227.7380213959927,25620100
2021-03-25,222.4622344970703,226.86667476830124,221.72498099263913,225.29639873083224,34061900
2021-03-26,226.42630004882812,226.64653236253665,221.70590077187998,221.70590077187998,25479900
2021-03-29,225.23895263671875,226.7326280661036,222.02179993878485,226.53154963057577,25227500
2021-03-30,221.99305725097656,223.90802858077555,221.27494300230194,223.60162615517325,24792000
2021-03-31,225.74642944335938,228.9348588863674,222.51012278869996,223.00801949174152,43623500
2021-04-01,232.04669189453125,232.51585059097783,227.92949998956965,228.33164227655556,30338000
2021-04-05,238.4810333251953,239.33319523895744,232.38183786976808,232.43928468933555,36910600
2021-04-06,237.32244873046875,238.7969705443699,236.38411666707708,237.08307726255737,22931900
2021-04-07,239.27569580078125,240.2619050069019,236.68091746198468,237.2745539833188,22719800
2021-04-08,242.48330688476562,243.3354687608856,241.28644949639067,242.0237177384508,23625200
2021-04-09,244.97274780273438,245.10679523034713,241.70771771793406,242.11942959914686,24326800
2021-04-12,245.0301971435547,246.71538151960232,243.79503226701306,243.88121709356932,27148700
2021-04-13,247.50048828125,248.17074001086624,245.91105839056755,246.3227994805502,23837500
2021-04-14,244.72381591796875,247.82606086125276,244.31210399676016,246.53347828165147,23070900
2021-04-15,248.46754455566406,248.87925640278655,246.77280534904537,246.9642849611244,25627500
2021-04-16,249.65481567382812,249.9037713098706,246.64832572687448,248.43881933651508,24878600
2021-04-19,247.73983764648438,250.36336830219003,246.85896717650718,249.12820358261177,23209300
2021-04-20,247.28024291992188,249.137767340414,245.92060049723952,246.8589469140283,19722900
2021-04-21,249.5016632080078,249.59741764213118,246.31324801477044,247.93140152495766,24030400
2021-04-22,246.2366485595703,250.6506442962717,244.77168176983514,249.14738450102254,25606200
2021-04-23,250.04742431640625,250.3921344174807,246.33237453675008,246.91645610073897,21462600
2021-04-26,250.43038940429688,251.2825657582876,249.1090835974423,250.53572803261042,19763300
2021-04-27,250.83255004882812,252.00068386501204,249.06119551820086,250.4591165703072,31014200
2021-04-28,243.7375946044922,245.6334270987041,242.19604180812823,245.19296257106504,46903100
2021-04-29,241.77474975585938,245.21213510412278,238.41397963984036,244.59934473684103,40589000
2021-04-30,241.458740234375,242.3204861426284,238.98843995023714,239.12248736573355,30945100
2021-05-03,241.15234375,243.53648835085653,240.44379908775937,242.6268652675503,19626600
2021-05-04,237.25538635253906,240.53000045768178,235.31169145877024,240.30019861922892,32756100
2021-05-05,235.99154663085938,238.89272768605636,235.3691866512584,238.47143156014027,21901300
2021-05-06,239.11293029785156,239.23740812996687,234.28720818218096,235.9723779697014,26491100
2021-05-07,241.7268829345703,243.48865338351683,240.4917180124829,241.43005005006262,27032900
2021-05-10,236.67132568359375,241.027888860357,236.61387887498904,240.20445051351808,29299900
2021-05-11,235.76171875,236.11599842229506,232.25733191028016,234.15314965767922,33641600
2021-05-12,228.83912658691406,233.9904053250569,227.9486717264203,231.87435509010888,36684400
2021-05-13,232.69778442382812,235.15853006552896,231.15623162445522,231.5200809218459,29624300
2021-05-14,237.60008239746094,238.58629154857746,235.05318141277328,235.13935162363052,23901100
2021-05-17,234.75637817382812,236.1064367545311,233.16696273612823,236.06814374823256,24970200
2021-05-18,232.74566650390625,235.9340961969697,232.57331145045896,235.8000487598773,20168000
2021-05-19,233.32144165039062,233.42700886618988,228.9836233956415,229.6649998072297,25739800
2021-05-20,236.5460205078125,237.95677572091842,234.03162003124936,234.1275955514667,21800700
2021-05-21,235.28884887695312,238.3214941013183,234.87618630622384,237.59212984793598,21863100
2021-05-24,240.67276000976562,241.03744947626555,237.53454740378538,237.80326133368715,21411500
2021-05-25,241.57485961914062,242.56334606960098,240.7111384283455,241.62284738392032,17704300
2021-05-26,241.35411071777344,242.74566790232322,240.6439299398986,241.29651661918214,17771600
2021-05-27,239.26197814941406,241.34451819821592,239.20439869133438,241.04701456893127,24426200
2021-05-28,239.61708068847656,241.920361705306,239.50192176296875,240.88388744430432,18270200
2021-06-01,237.428955078125,241.1621746137941,237.0067008356278,241.1045951554449,23213300
2021-06-02,237.33294677734375,239.22355004905737,235.93178344761955,238.12949662758203,19406700
2021-06-03,235.80706787109375,236.4116667965383,233.20628353326998,235.3368112456959,25307700
2021-06-04,240.68231201171875,241.50765170138789,237.53450822875004,237.77443238686539,25281100
2021-06-07,243.5806121826172,243.84932608170533,239.74182545986196,239.90497213832194,23079200
2021-06-08,242.39059448242188,245.69195336357788,242.33300038153834,244.87620533819828,22455000
2021-06-09,243.36949157714844,245.23130558654012,243.00481677554484,243.58062603040793,17937600
2021-06-10,246.8723602294922,247.08349466686664,243.44625075720447,244.0412580022731,24563600
2021-06-11,247.49620056152344,248.0719951619915,246.26776064687272,247.5921468031884,18999700
2021-06-14,249.41558837890625,249.47316783765612,246.4500998151924,247.50577203830522,19150500
2021-06-15,247.94720458984375,249.51151476586116,247.29461791752257,249.30038033803766,18038900
2021-06-16,247.0067596435547,250.0777717386489,244.16605075768612,248.9453365777258,27220000
2021-06-17,250.38482666015625,251.2005745937238,245.69192571105955,245.7495051616535,27565500
2021-06-18,248.97410583496094,251.7284306556283,248.32151911327628,249.16605688845348,37202200
2021-06-21,252.045166015625,252.8992809067008,247.52500245412696,249.34842044965174,26696100
2021-06-22,254.80906677246094,255.07778066280747,251.82439496305233,252.1315049199105,24694100
2021-06-23,254.57872009277344,256.0758445254743,253.77257842036667,255.26970285306749,19518700
2021-06-24,255.9415740966797,257.0548260390858,254.7707426820479,255.432935900269,21446900
2021-06-25,254.3387908935547,256.4789249266626,254.08928968479023,255.50004490547056,25611100
2021-06-28,257.88970947265625,258.06244785704735,255.1929639728323,255.46167788886962,19590000
2021-06-29,260.4616394042969,260.70156354326315,257.179493584302,258.03360828946245,19937800
2021-06-30,259.9818115234375,260.42326377323786,258.7342176179776,259.7802834314268,21656500
2021-07-01,260.6536865234375,260.88400440971776,258.7342927041009,258.7438697576123,16725300
2021-07-02,266.4598388671875,266.7957386402668,261.5174056815565,261.8245157190933,26458000
2021-07-06,266.4693603515625,268.1104333301389,263.24476455954283,266.8244434060529,31565600
2021-07-07,268.6478576660156,269.3772364417186,265.9799023346366,268.1392196481216,23260000
2021-07-08,266.2391052246094,267.4963057183195,263.79186075613046,265.74004413313054,24618600
2021-07-09,266.73809814453125,266.84365072149694,264.2236975236495,264.60757033893503,23916700
2021-07-12,266.14306640625,268.49430548835454,265.43287101130034,267.90890462422595,18931700
2021-07-13,269.65557861328125,271.4502066850758,266.21027111145844,266.33500707591065,26120100
2021-07-14,271.1239013671875,272.2275466221714,269.2428749057434,270.97034639354206,23113700
2021-07-15,269.70361328125,271.1239752085975,268.55196530906284,270.6345204272743,22604200
2021-07-16,269.43487548828125,272.6498656125402,268.1968584208553,270.70168228808353,26186800
2021-07-19,265.8455505371094,269.0701168852298,263.38872971350867,267.6881515110027,32935600
2021-07-20,268.0624694824219,269.64596306299137,265.1258001402408,266.8244526302893,26259700
2021-07-21,270.05859375,270.173752645904,266.1142551272196,267.6593524599545,24364300
2021-07-22,274.60760498046875,274.8763188626381,271.9972290018453,272.40028518129105,23384100
2021-07-23,277.995361328125,278.30244201944714,274.9531098439966,275.78804130305343,22768100
2021-07-26,277.4002990722656,278.01451897326893,275.08745596802055,277.35232595583216,23176100
2021-07-27,274.9914855957031,277.90894231723627,271.54617814543514,277.76499367762403,33604100
2021-07-28,274.6844177246094,278.4560190983951,272.3907283274344,277.34276730213355,33566900
2021-07-29,274.95306396484375,276.9876159825094,274.5499785237899,274.70353348763825,18168300
2021-07-30,273.42718505859375,275.1066542513288,272.46748837703086,273.676715567838,20944800
2021-08-02,273.3407897949219,275.2121805728668,272.30430107664915,274.8187014564499,16267400
2021-08-03,275.548095703125,275.6536775635122,272.55384686025644,273.91662898110934,17879000
2021-08-04,274.96270751953125,275.99916705627766,273.1776564498441,274.68438727940855,16191300
2021-08-05,277.85137939453125,277.95696126160766,274.56923306560276,275.317795323746,13900200
2021-08-06,277.7937316894531,277.8321277487408,276.02789370117665,276.88203761655814,16589300
2021-08-09,276.7093200683594,279.7995444289697,276.2102883577603,278.0721021873737,16117600
2021-08-10,274.8955383300781,277.5922838439448,273.70552373680465,277.16040859309794,18616600
2021-08-11,275.3849182128906,277.0259910024665,274.33882327065885,275.6344193835293,13955900
2021-08-12,278.1296691894531,278.28322415990436,274.7995208173079,275.0778410317268,14561300
2021-08-13,281.04718017578125,281.0951532950036,277.64023937005385,277.81300703201526,18249000
2021-08-16,282.72662353515625,282.9377579581513,278.33119671669976,281.37344781790824,22507600
2021-08-17,281.2678527832031,281.60375243417633,279.34845967777284,280.605689106435,20075300
2021-08-18,279.5467224121094,283.4793919946404,279.10439575220477,280.8063292983416,21813000
2021-08-19,285.3544006347656,286.02748609208663,277.5371547943832,277.5852197511838,29850500
2021-08-20,292.6524963378906,294.07557732948726,286.5948434162002,288.19099349843,40817600
2021-08-23,292.93133544921875,293.6524859694501,290.23905191116444,291.5851936801916,22830200
2021-08-24,290.97943115234375,293.89287816648005,290.3832847329818,293.287107016583,18175800
2021-08-25,290.3929443359375,292.87368958556954,288.8641085254896,292.59483645978145,20006100
2021-08-26,287.58514404296875,290.79666345082654,287.4505445681289,289.4120524153368,17666100
2021-08-27,288.1910095214844,289.2967678980411,285.4121618113785,287.4890790455241,22605700
2021-08-30,291.912109375,292.51788050210155,289.47942948011064,289.53711917376893,16348100
2021-08-31,290.2679443359375,292.7871592045454,289.90255665080605,292.71024938100464,26285300
2021-09-01,290.21978759765625,293.4505570216653,289.89286956645867,291.2197911507648,18983800
2021-09-02,289.56597900390625,291.69096108011354,288.6332897832502,290.5756073825475,16285600
2021-09-03,289.5563049316406,290.96013607463146,288.71015048588737,289.4120513855412,14747900
2021-09-07,288.63330078125,289.50830033860336,286.7294820320938,289.43139052137866,17180400
2021-09-08,288.6621398925781,289.04674765844067,286.02754588554353,288.2486872778682,15046800
2021-09-09,285.81597900390625,290.5178943078141,285.5755955060056,289.24866239641324,19927000
2021-09-10,284.335205078125,288.38328426235665,284.01791177587137,286.9409832920089,19633400
2021-09-13,285.5660400390625,287.0564356937497,282.7679719235952,286.10449685746556,23652900
2021-09-14,288.2583312988281,289.796791808923,286.6333362364003,288.0371678804035,21853400
2021-09-15,293.0948181152344,293.57558514343583,290.2102159460255,291.594827334741,28356300
2021-09-16,293.4794006347656,293.5659351711585,289.19096732817496,292.0755692493566,19550800
2021-09-17,288.33514404296875,292.7870503575158,288.00822606299056,292.46975710578755,41372500
2021-09-20,282.9794616699219,287.22945511957835,278.38333004418814,284.93137463486613,38278700
2021-09-21,283.4602966308594,286.0949205361656,282.75839537992744,284.3160762329572,22364100
2021-09-22,287.09478759765625,288.6717173261203,283.18136680799097,285.3159733040297,26626300
2021-09-23,288.03704833984375,289.32550004600563,286.08513599744964,287.35436759230095,18604600
2021-09-24,287.835205078125,288.26787776636394,285.5082799167376,286.7582917069234,14999000
2021-09-27,282.8544921875,285.06600882591306,281.6717947097084,284.7487154919009,23571700
2021-09-28,272.6141052246094,279.59485135493725,271.87373461890644,278.6525374846611,43186200
2021-09-29,273.0755920410156,275.73903003346476,272.1236829939495,274.13328506202356,26353700
2021-09-30,271.0756530761719,276.7582926672313,270.78717529668586,274.71984547108286,32343600
2021-10-01,277.9794616699219,278.8256162130786,270.46988411493584,271.2679443559621,30086300
2021-10-04,272.2198486328125,276.68138001851474,269.46987576086445,276.3448372844205,31350700
2021-10-05,277.65264892578125,279.2295498910463,273.12380132576874,273.12380132576874,24993000
2021-10-06,281.83526611328125,282.3352826609883,274.52762990584176,274.7872335676707,28002600
2021-10-07,283.5082702636719,285.2294241243567,282.61405079814455,283.82556353271264,20430500
2021-10-08,283.5082702636719,285.2294241243567,282.4602018561691,284.8255669837104,17685700
2021-10-11,282.9122009277344,286.50832922582435,281.4891198350352,281.65259355026353,19298600
2021-10-12,281.6140441894531,284.07556854608913,281.10443241273595,283.979409290472,17974100
2021-10-13,284.912109375,285.8447984376841,282.20057671725624,283.5659677751689,23416300
2021-10-14,291.1044006347656,291.60438772035315,286.37364073387175,287.7005622674281,27262900
2021-10-15,292.5082092285156,292.7389973101157,288.96014691464524,290.71014559366176,25384800
2021-10-18,295.46978759765625,296.3543824347761,291.04672538099135,291.89287998601975,22729300
2021-10-19,296.3736572265625,297.4024763811832,295.4024984250073,296.48903662007575,17682100
2021-10-20,295.5851745605469,297.787095667317,294.3351627369978,297.3159240470741,16537100
2021-10-21,298.8063049316406,299.0562838093166,294.57553200250277,295.3544015118529,16918100
2021-10-22,297.2678527832031,299.1236063471209,295.96015129406624,298.4601455444869,17449300
2021-10-25,296.2774658203125,297.4986033941539,294.67169118488476,297.4601338192577,17554500
2021-10-26,298.1812744140625,300.3831953408259,296.7293781263278,299.03705370094167,28107300
2021-10-27,310.73895263671875,313.55624018654,303.8447410132644,303.8447410132644,52588700
2021-10-28,311.87353515625,312.37352223466706,308.9985287602132,311.8542856977465,26297900
2021-10-29,318.8639221191406,319.2293097590361,311.4408779594298,311.6620413582326,34766000
2021-11-01,316.7004089355469,318.7388560634213,313.81580729941845,318.6138519641994,27073200
2021-11-02,320.3158264160156,320.62352433879016,317.30622029819705,317.60429349098206,26487100
2021-11-03,321.15228271484375,322.0176572486323,317.931138681153,321.05612346804895,21500100
2021-11-04,323.4985046386719,323.59466390839987,316.83508099254163,320.08507064099814,23992200
2021-11-05,323.133056640625,325.7580545608874,321.55615641775836,325.4888262621695,22570100
2021-11-08,324.0273132324219,324.6619291544204,321.57541342152103,324.32538640649415,20897000
2021-11-09,323.02734375,325.69078224022303,321.6619526233949,324.1426973147689,21307400
2021-11-10,318.07550048828125,321.7581928936182,317.2293750440023,321.70050318931953,25500900
2021-11-11,319.6427001953125,320.9311520712927,317.7965715810098,318.5080972611384,16849800
2021-11-12,323.7677307128906,324.2581224444753,320.95044312615977,321.07544724155895,23831000
2021-11-15,323.1427001953125,324.88307418193443,321.18116285112575,324.5561561818509,16723000
2021-11-16,326.4504089355469,327.5657918667416,322.60427303916015,322.7677173822912,20886800
2021-11-17,326.6719970703125,329.6293143564149,325.59311335095464,326.49861134342495,19053400
2021-11-18,328.7430419921875,329.87975024868393,324.74538130798175,325.76646969293915,22463500
2021-11-19,330.5154724121094,332.4324456190178,329.63890158471446,330.06275288893943,21963400
2021-11-22,327.3558654785156,336.8346949958714,327.0861445993955,331.9700474366429,31031100
2021-11-23,325.28472900390625,326.98977619664026,321.3159670865294,324.67784979275456,30427600
2021-11-24,325.5063781738281,325.7472014512142,321.65320573565054,323.9362057016911,21661300
2021-11-26,317.5784606933594,325.5256287318422,316.0757258160542,322.07705238453224,24217200
2021-11-29,324.27337646484375,326.585274135935,322.4527383080336,322.64540869619697,28563500
2021-11-30,318.4551086425781,325.3811893890692,316.9138335793029,323.0114962502423,42885600
2021-12-01,317.96380615234375,326.82611534101443,317.29916089070014,322.82845444512645,33337600
2021-12-02,317.3953857421875,321.2485575549812,315.76741829949276,318.17565068248877,30766000
2021-12-03,311.1533203125,320.48763300351385,306.3561099885442,319.8036737217345,41779300
2021-12-06,314.21661376953125,315.43037261838606,307.51210127524547,312.05884639145665,30032600
2021-12-07,322.62615966796875,323.47383295914125,317.98307955857507,319.46655926353213,31021900
2021-12-08,322.6743469238281,323.18489117960274,318.6574010643354,323.00186310702526,24761000
2021-12-09,320.8729248046875,324.1384729979598,319.92888702095325,322.1348363640117,22214200
2021-12-10,329.9664611816406,330.4095678226741,322.5009388766094,322.6839669365227,38095700
2021-12-13,326.9417419433594,331.17061366442005,326.6334810302887,328.17475619826337,28899400
2021-12-14,316.2877197265625,322.3564851767146,312.21297846991945,320.9885957509713,44438700
2021-12-15,322.3659973144531,322.886183766917,312.58857922136355,316.54769934976275,35381100
2021-12-16,312.9739074707031,324.39857838163,311.1629118249928,323.3871030361662,35034800
2021-12-17,311.914306640625,312.993219650069,305.6047483392989,309.101507137352,47750300
2021-12-20,308.1672058105469,310.95110854646884,305.91310270404847,308.3020516045856,28326500
2021-12-21,315.27618408203125,315.7000353671043,308.061099295699,311.42301196127266,24740600
2021-12-22,320.96923828125,321.3641625402389,313.7926936963985,316.24907907920306,24831500
2021-12-23,322.4046325683594,324.0422429151626,320.51658595716066,320.535841239844,19617800
2021-12-27,329.8796691894531,329.9085668008936,323.1173341387181,323.14623175015856,19947000
2021-12-28,328.72381591796875,331.18984424383433,327.827960266222,330.55406718206604,15661500
2021-12-29,329.3980712890625,331.6617864461058,327.2113772440582,328.77190728660776,15042000
2021-12-30,326.8646240234375,330.5347684082041,326.38297747008363,329.3595496421258,15994500
2021-12-31,323.97479248046875,326.90318279060705,323.5220434776535,326.0844070470572,18000800
2022-01-03,322.4624328613281,325.59313609299153,317.6748639742431,323.04041472203403,28865100
2022-01-04,316.93304443359375,322.89583055126775,314.1491135080895,322.5393874417457,32674300
2022-01-05,304.76666259765625,314.1009746877151,304.3813512536725,313.89866197929246,40054300
2022-01-06,302.35845947265625,307.0015395240339,300.0561747269668,301.65524488813156,39646100
2022-01-07,302.5125732421875,304.88226603603744,298.7075537396608,302.61852137240913,32720000
2022-01-10,302.7341003417969,303.16759397911807,293.50576573261736,298.1295606763108,44289500
2022-01-11,303.4180603027344,304.98820330544083,298.5149021278563,301.87678551872176,29386800
2022-01-12,306.5872802734375,311.53862085227667,305.4409591479046,307.9359141133859,34372200
2022-01-13,293.6116943359375,309.10146222236773,292.8410716956861,308.7065085650938,45366000
2022-01-14,298.81353759765625,299.4107746285059,292.6002852144012,293.0819317744249,39846400
2022-01-18,291.5406494140625,298.42818916600646,290.66404916965183,292.90853854423693,42333200
2022-01-19,292.1957092285156,302.3873676008085,291.58885921501854,295.0470782257124,45933900
2022-01-20,290.5291442871094,300.21022616541995,290.08603778472633,297.72494342024885,35380700
2022-01-21,285.1636962890625,292.9470927232566,284.7591001939449,291.5792327867731,57984400
2022-01-24,285.4911193847656,286.2039467418737,265.917000099836,281.47420435136246,85731500
2022-01-25,277.9004211425781,284.1618263856482,274.70231034504417,280.81919810306823,72848600
2022-01-26,285.81866455078125,297.1758975203426,282.2737532824066,296.68460867157836,90428900
2022-01-27,288.83380126953125,296.019959606394,286.9939079100606,291.55029488282537,53481300
2022-01-28,296.94476318359375,297.1566888577396,283.64168680427184,289.2095201733317,49743700
2022-01-31,299.5648498535156,300.9134540935953,295.12405410178434,297.6093663560582,46444500
2022-02-01,297.4264221191406,299.2277757254821,293.92966304924204,299.01585004253747,40950400
2022-02-02,301.9539489746094,303.5530195888829,297.5420780199568,298.26454808919823,36636000
2022-02-03,290.1920471191406,299.8057228648471,288.9493907856898,298.12957287633566,43730000
2022-02-04,294.70989990234375,297.46490411870997,288.95903879189694,289.19021973386526,35096500
2022-02-07,289.9030456542969,296.54011926462067,288.8915703465275,294.93143638637616,28533300
2022-02-08,293.38055419921875,294.34384733210226,288.9397869673649,290.1920562811641,32421200
2022-02-09,299.7864990234375,300.48007137385594,296.10674096728,298.4956895318713,31284700
2022-02-10,291.2805480957031,297.7731336434456,289.6622228774468,292.8796180366124,45386200
2022-02-11,284.2099914550781,293.12045222250043,283.4200840938403,292.06082398149493,39175600
2022-02-14,284.1714782714844,285.8668836168061,280.65546416556623,282.9866171180097,36359500
2022-02-15,289.4407043457031,289.75857816176847,286.11733109996294,288.99759771206277,27058300
2022-02-16,289.10284423828125,290.42527991431285,283.48487872602993,288.0120675250117,29982100
2022-02-17,280.6372375488281,286.4964934172606,279.93256909754444,286.071765783357,32461600
2022-02-18,277.93450927734375,283.65864238707985,276.3707522552186,282.87676387601726,34264000
2022-02-22,277.7318420410156,281.41923835084543,274.62362270761514,275.1062652782788,41736100
2022-02-23,270.5404052734375,281.5736347601143,270.37632332672223,280.10638276693766,37811200
2022-02-24,284.3632507324219,284.913470148122,262.0941229321313,263.04977493259855,56989700
2022-02-25,286.9888000488281,287.29769823166265,281.5252849548205,284.89414868618945,32546700
2022-02-28,288.41748046875,288.7553360718081,282.8284727085798,284.0929935575526,34627500
2022-03-01,284.7108459472656,289.5565664408294,282.00803005009567,286.1104916374732,31217800
2022-03-02,289.7688903808594,291.0044539337732,283.50420050610404,285.10654759375143,31873000
2022-03-03,285.6471252441406,292.60682123875046,283.84201770674827,292.37516228556973,27314500
2022-03-04,279.79742431640625,285.3960935577323,277.20083543278474,284.0736581596549,32356500
2022-03-07,269.2275695800781,279.63333786848386,268.8607566666478,278.5136040383842,43157200
2022-03-08,266.2738037109375,274.1022488797593,260.626882041736,268.1560912952362,48159500
2022-03-09,278.4847106933594,279.5465300399745,271.03270963096804,273.6003711570887,35204500
2022-03-10,275.6757507324219,276.6506980483507,270.83966326078166,273.1949611124185,30628000
2022-03-11,270.3473815917969,279.4596745025475,269.72958504143236,277.9634650523489,27209300
2022-03-14,266.8433837890625,275.49232901217977,266.2449118112666,270.60798934145595,30660700
2022-03-15,277.1815185546875,277.8282723185702,269.05383720748546,270.6175938370436,34245100
2022-03-16,284.1702880859375,284.34403232991673,273.3687457127895,279.07355459724573,37826300
2022-03-17,284.9714050292969,285.3478508163391,279.32448255840876,283.1084122705425,30816600
2022-03-18,290.0005798339844,290.55079938117666,282.56790264099095,285.1162398488807,43390600
2022-03-21,288.774658203125,289.72064808863075,284.66253476098274,288.5140418634162,28351200
2022-03-22,293.5045166015625,294.4118867402999,288.39815136686497,289.3923936093338,27599700
2022-03-23,289.09320068359375,292.70338668332965,287.3846568062616,290.07781025541306,25715400
2022-03-24,293.54315185546875,293.6396862396896,287.96380616213776,288.7553468713274,24484500
2022-03-25,293.1377258300781,294.8945515047454,288.9001402281707,294.6339351738191,22566500
2022-03-28,299.9140625,300.01056743386323,293.7651722801995,293.7651722801995,29578200
2022-03-29,304.46051025390625,304.8562805932184,298.3212830440557,303.01258292097964,30393400
2022-03-30,302.9643249511719,304.9817964510435,300.76347640947125,302.86782002120697,28163600
2022-03-31,297.60699462890625,304.19990720218783,297.20159145457893,303.0029338565664,33422100
2022-04-01,298.67852783203125,299.3638720029751,294.93321694040014,298.6302459022579,27110500
2022-04-04,304.0358581542969,304.1709827540647,298.95844895090045,299.3252620130999,24289600
2022-04-05,300.0877685546875,303.93924580373067,299.11282139815006,302.3947841023135,23156700
2022-04-06,289.10284423828125,296.3424814061848,286.4096909635366,294.59531799298344,40110400
2022-04-07,290.90789794921875,293.1087462850132,286.06217848359114,286.36141443806906,31411200
2022-04-08,286.6606750488281,290.6666017314044,285.99462607140345,290.01021503016705,24361900
2022-04-11,275.3571472167969,282.4519668205672,275.10616374606843,281.66045568500346,34569300
2022-04-12,272.268310546875,280.64697807098315,270.75280588328843,279.1990504337595,30966700
2022-04-13,277.6352233886719,278.5618885948695,271.5346160767129,272.914995798149,21907200
2022-04-14,270.11566162109375,278.3012882088098,269.6233863517897,278.088924351685,28221600
2022-04-18,270.78167724609375,272.654332085389,268.67736348503956,269.22758288237094,20778000
2022-04-19,275.3957824707031,276.2356051160154,268.7449845312876,269.6813121043786,22297700
2022-04-20,276.41900634765625,279.64308426283594,275.46338359699905,279.35348107967593,22906700
2022-04-21,271.06170654296875,283.1181080139608,270.3377427180526,278.5619611641617,29454600
2022-04-22,264.51702880859375,273.36870459899797,263.8895994942571,271.90145264874303,29405800
2022-04-25,270.9747619628906,271.35120773294403,261.37016600391445,263.80270265842034,35678900
2022-04-26,260.83935546875,268.69676130335756,260.62699155656253,267.86663021091147,46518400
2022-04-27,273.3880615234375,280.8690214403735,269.46900616876684,272.30694686810284,63477700
2022-04-28,279.575439453125,280.8785798159734,271.6890497286869,275.28957261335694,33646600
2022-04-29,267.8858947753906,279.81683323611406,266.9013146355611,278.59090237715037,37073900
2022-05-02,274.59454345703125,275.04822845042037,266.63094457560504,268.0692093712177,35151100
2022-05-03,271.9979553222656,274.2663805402377,270.4245363528179,274.10226915929724,25978600
2022-05-04,279.913330078125,280.7820806094394,267.1233049625317,272.77986042090856,33599300
2022-05-05,267.7218017578125,276.4093667940325,264.8162844690875,275.62748829742554,43260400
2022-05-06,265.1927490234375,269.55582646003774,261.8528418348636,265.26995885904273,37780300
2022-05-09,255.3950653076172,262.90498063444784,254.17882636789196,260.6848371526901,47726000
2022-05-10,260.144287109375,264.24674803781596,255.86808196451094,262.25826345033016,39336400
2022-05-11,251.50498962402344,261.939717895706,250.29838339965534,256.45690628213566,48975900
2022-05-12,246.4855194091797,250.8582590815856,241.3405488261486,248.7442826712676,51033800
2022-05-13,252.05519104003906,253.90855102922657,246.4855077130794,248.4160775334941,34925100
2022-05-16,252.42201232910156,256.59205034843524,246.9005812826205,250.9354652701601,32550900
2022-05-17,257.5572509765625,259.0148107302658,253.34859468900936,256.8718776822424,28828800
2022-05-18,245.8308563232422,255.0417772364754,244.56339009492962,254.46125136602734,31356000
2022-05-19,244.92132568359375,249.30426416130737,243.7022393056512,245.65664551679004,32692300
2022-05-20,244.3601531982422,250.1460116670098,238.4388554517078,248.888200942443,39199300
2022-05-23,252.18751525878906,253.0099243599592,245.2019245791374,247.19505531377055,33175400
2022-05-24,251.19094848632812,252.8454218843062,245.26965040786493,249.51713505523247,29043900
2022-05-25,253.99681091308594,255.98992698907475,248.78182219830612,249.7590402014901,28547900
2022-05-26,257.2669982910156,258.4377048602189,252.94212494462826,253.75484905664422,25002100
2022-05-27,264.36871337890625,264.4654725864212,258.8731329025277,259.7632762741946,26910800
2022-05-31,263.0432434082031,265.8490837513658,260.1986934699792,263.6818188562503,37827700
2022-06-01,263.5753173828125,268.6742049770273,261.2725844284058,266.26505757978737,25292200
2022-06-02,265.665283203125,265.73301762123407,253.10671973952768,255.86419557770878,44008200
2022-06-03,261.2532653808594,264.571926206195,259.6955513321792,261.53385823484007,28059000
2022-06-06,260.0245666503906,265.27826522689224,258.5442419264379,263.2270994161104,22400300
2022-06-07,263.6528015136719,264.26235216439045,257.30578597515415,257.9830710374571,22860700
2022-06-08,261.63067626953125,264.1365839069745,260.8566319339603,262.88845771552224,17372300
2022-06-09,256.1931457519531,263.8559928027338,256.03833688377534,259.08606081367157,26439700
2022-06-10,244.7761993408203,252.1197571149294,244.33112762791936,252.1197571149294,31422800
2022-06-13,234.39456176757812,240.9350949240482,233.6882667435192,237.1520369876546,46135800
2022-06-14,236.55215454101562,237.76157082197903,233.66889549756354,235.9426040111277,28651500
2022-06-15,243.58615112304688,247.01122689050288,238.4195274205562,240.24816456305055,33111700
2022-06-16,237.0166015625,239.38705487358806,235.12991483585378,237.99380474825406,33169200
2022-06-17,239.6095733642578,242.3670486857971,236.10710816342058,236.75535358790026,43084800
2022-06-21,245.5018768310547,246.47908003768092,241.4092008096241,242.1348507017861,29928300
2022-06-22,244.9116668701172,248.82050899795738,242.24126597240473,243.71192046945043,25939900
2022-06-23,250.45559692382812,250.94904823926845,245.39541785280727,247.27243437521878,25861400
2022-06-24,259.0086669921875,259.2795751254641,253.22280743470034,253.3098818853851,33923200
2022-06-27,256.2898864746094,259.589148741076,254.73214265073585,259.50207429528484,24615100
2022-06-28,248.15292358398438,258.2442876848407,247.99811473013298,255.40942252018837,27295500
2022-06-29,251.8101806640625,253.46465404099425,247.45626683639776,249.22685422747804,20069800
2022-06-30,248.49151611328125,251.10386732586358,244.68911807030898,248.7043745789492,31730900
2022-07-01,251.15228271484375,251.33611640522454,246.34365576375197,248.06587863167437,22837700
2022-07-05,254.31607055664062,254.4418545786392,246.46937685474163,247.84327202741883,22941000
2022-07-06,257.5670166015625,259.28922459470346,253.8807173042958,255.18689308896802,23824400
2022-07-07,259.6859130859375,260.32448856109585,256.4156460435075,256.5124052718838,20859900
2022-07-08,258.96990966796875,259.395626588486,254.74179480110894,256.1930944319359,19658800
2022-07-11,255.92214965820312,257.8765555845532,253.66778135319444,257.0251218655849,19455200
2022-07-12,245.43409729003906,257.3057314765569,243.85701375679048,257.2476818579999,35868500
2022-07-13,244.51498413085938,245.3180384343123,240.05465562247608,242.06712638955372,29497400
2022-07-14,245.8308563232422,246.85643923276575,237.95513605400782,242.43481984226366,25102800
2022-07-15,248.38510131835938,251.91659126646923,246.4984147054872,247.41756820782146,29774100
2022-07-18,245.99534606933594,252.37138709090945,245.07619237003348,251.31677931764017,20975000
2022-07-19,251.10385131835938,251.2876849600247,245.44377706976402,249.21715005990578,25012600
2022-07-20,253.75497436523438,256.27056711234303,250.50407631182094,251.46192492992023,22788300
2022-07-21,256.24151611328125,256.2899104944366,248.6850833881356,251.35548474975212,22404700
2022-07-22,251.9069366455078,256.71557796165024,250.65884004276222,256.6285035144892,21881300
2022-07-25,250.42657470703125,253.0099010286227,248.47216851036575,252.526134487459,21056000
2022-07-26,243.7216033935547,251.44252883940965,241.46726406430727,251.42315927857734,39348000
2022-07-27,260.01483154296875,261.2822975208546,250.44594469622396,252.68094375810006,45994000
2022-07-28,267.435791015625,268.8193560723427,259.1730512079758,260.99201791065275,33459300
2022-07-29,271.6252136230469,272.84431469044125,267.6486670392354,268.68393446863337,32152800
2022-08-01,268.98388671875,272.147709327751,266.8843268988861,268.80005306751355,21539600
2022-08-02,265.8974914550781,268.8678255810628,263.53670799309106,267.0391735890701,22754200
2022-08-03,273.299072265625,274.29563016416313,267.6293130218933,267.77446660635644,23518900
2022-08-04,274.4407958984375,274.58591997817257,271.07379914150016,272.65085351031576,18098700
2022-08-05,273.72479248046875,274.4407575248996,269.63211684357026,270.08685858100347,16774600
2022-08-08,271.2189025878906,276.63709419104765,270.25136942756865,274.8277823787597,18739200
2022-08-09,273.1346130371094,273.8892877589125,268.5968799256363,270.5610006852255,23405200
2022-08-10,279.7719421386719,280.4008328998237,277.6240169581476,278.8140935874834,24687800
2022-08-11,277.7013244628906,281.7552902911237,277.20790268722305,281.4069925671231,20065900
2022-08-12,282.4325866699219,282.4325866699219,277.62394605155976,279.11395527145453,22619700
2022-08-15,283.9420166015625,284.62895702029766,280.69108915504796,281.55220801909235,18085700
2022-08-16,283.2066345214844,284.49347021164397,280.9910047541906,282.51000943686375,18102900
2022-08-17,282.4600524902344,284.42831264174936,280.6663108728771,280.9280886741136,18253400
2022-08-18,281.34503173828125,283.0321034033775,280.2881560238518,281.36441282325103,17186200
2022-08-19,277.447265625,280.4529907173876,276.8752129457477,280.11362940883,20570000
2022-08-22,269.302734375,273.8694799294029,268.7888545532896,273.5010322101689,25061100
2022-08-23,268.0325622558594,270.3789456095567,267.0241837556368,268.0325622558594,17527400
2022-08-24,267.4023742675781,268.79858174374715,266.74303270034477,267.0339265183886,18137000
2022-08-25,270.3692932128906,270.5341064037505,266.170965672793,268.89550229541334,16583400
2022-08-26,259.9365539550781,271.813993730699,259.82991359676106,270.59230474229855,27549300
2022-08-29,257.1636047363281,259.26759223501574,255.82556976472725,257.76474402166747,20338500
2022-08-30,254.9722900390625,258.9281919093527,252.73254647605063,258.55977371104024,22767100
2022-08-31,253.51788330078125,258.9863379304906,253.3821269343252,257.31867689878567,24791800
2022-09-01,252.48043823242188,252.95555596320528,247.64220877512267,250.9969713685728,23263400
2022-09-02,248.27239990234375,256.68840643713196,246.7307604021961,253.7408837951921,22855400
2022-09-06,245.54786682128906,249.98856152174304,244.27771043015858,248.408159830305,21328200
2022-09-07,250.24066162109375,250.9581464072949,245.5187784892074,246.95376285633063,24126700
2022-09-08,250.65757751464844,252.50949191714798,247.041022768642,249.67831493374948,20319900
2022-09-09,256.41693115234375,257.1635319672501,252.37377054080144,252.57737549512018,22084700
2022-09-12,258.540283203125,259.3159703034846,257.09560851352137,257.6967475229018,18747700
2022-09-13,244.32623291015625,252.48044831794587,243.93838923418878,250.96789496848143,33353300
2022-09-14,244.54917907714844,246.4980431807775,242.26095368229554,245.81933539304998,23913000
2022-09-15,237.91722106933594,243.75412313348235,236.5985823888046,242.1737066610615,31530900
2022-09-16,237.2967071533203,237.83967345913706,234.69820652512584,236.83129478142976,39791800
2022-09-19,237.0833740234375,237.68451311918642,233.5249921595804,235.09571807800603,26826900
2022-09-20,235.0763397216797,236.10409946317117,232.35180291402574,234.7079067620096,26660300
2022-09-21,231.68280029296875,240.12790919362467,231.63431798619996,236.84101000293197,28625600
2022-09-22,233.6510467529297,236.44346175605514,230.3447666716902,230.6356309055808,31061200
2022-09-23,230.68409729003906,233.79647753038185,228.04681992346752,232.25482322354088,34176000
2022-09-26,230.22840881347656,234.10675645335732,229.69513305404854,229.84057996737735,27694200
2022-09-27,229.22000122070312,234.44607307695438,227.36808702511772,232.6814181358912,27018700
2022-09-28,233.73829650878906,234.95997054824008,227.59110496512747,229.60784728045007,29029700
2022-09-29,230.27691650390625,232.65240173626495,227.28089617254702,231.6246418655507,27484200
2022-09-30,225.8167266845703,233.22436815840106,225.6518987281099,231.04279817834296,35694800
2022-10-03,233.41831970214844,234.26185544099243,227.52323048220958,228.25042054527364,28880400
2022-10-04,241.31080627441406,242.7457908263603,237.52940827026438,237.63606342718273,34888400
2022-10-05,241.62103271484375,242.95906726147314,236.67614880702004,238.50866730601555,20347100
2022-10-06,239.28433227539062,242.72636855289312,238.59593389672287,240.38966069294162,20239900
2022-10-07,227.1160430908203,233.98072018796898,226.07857799580754,233.5734806664739,37769600
2022-10-10,222.27780151367188,227.42630569411762,219.83443833161004,225.9622347703348,29743600
2022-10-11,218.55458068847656,222.0935668585732,217.29411479408543,220.69735939369207,30474000
2022-10-12,218.88424682617188,220.93007581576018,217.1486927519345,218.54488548684702,21903900
2022-10-13,227.1160430908203,228.91947533494175,212.465584291104,213.16368804977824,42551800
2022-10-14,221.60874938964844,230.02477023152485,221.39543911705044,228.37646088968236,30198600
2022-10-17,230.3059539794922,231.69247081215326,227.98864209353195,228.64796881811276,28142300
2022-10-18,231.2464599609375,236.5113093692739,228.21164843552518,235.84230688122926,26329600
2022-10-19,229.2878875732422,232.3226990610641,227.1644900654512,229.83085382652337,19985700
2022-10-20,228.96791076660156,233.9709820712703,227.72684087943537,228.59947785288415,21811000
2022-10-21,234.75636291503906,235.60960407563198,227.3681158672251,227.60082203685621,26299700
2022-10-24,239.73037719726562,240.30242995612315,233.9613377120293,236.3465133618895,24911200
2022-10-25,243.03662109375,243.40505400256714,238.35351526216095,239.74001722910089,34775500
2022-10-26,224.2848358154297,231.05254784281726,223.06314692358666,224.139388912023,82543200
2022-10-27,219.8538360595703,226.58277171119522,218.9133355552526,224.01335747357737,40424600
2022-10-28,228.6964569091797,229.40426599695735,219.1751212635659,219.35934514135127,40647700
2022-10-31,225.07020568847656,227.77534655596756,224.11999990021067,226.65062223193135,28357300
2022-11-01,221.23062133789062,228.57040061346953,220.41617196573657,227.4650722384831,30592300
2022-11-02,213.4060821533203,224.26545245124476,213.34789451187777,222.48141610977814,38407000
2022-11-03,207.73397827148438,213.70663669340686,207.4721856849331,213.3963618064245,36633900
2022-11-04,214.65682983398438,214.85074424296624,206.93891208084915,210.9336199205367,36789100
2022-11-07,220.9397735595703,221.46335879760886,214.55019910987951,215.23861235404937,33498000
2022-11-08,221.90933227539062,224.6047824698309,218.97148537429405,221.74450429023085,28192500
2022-11-09,217.6819610595703,221.67666935840754,217.50744250984388,220.45498033143147,27852900
2022-11-10,235.59022521972656,235.92958655895382,227.8529257557349,228.2698410290553,46268000
2022-11-11,239.59463500976562,240.4478762714851,234.57216684835737,235.59994145666624,34620200
2022-11-14,234.20370483398438,236.491930374749,231.9348751725974,234.63032541196574,31123300
2022-11-15,234.6109161376953,239.48793649488397,232.72991540292844,238.1886937504624,31390100
2022-11-16,235.0387420654297,237.05145015358517,233.76500614633548,236.06939815763067,24093300
2022-11-17,234.99014282226562,236.51669138454196,231.05226116577742,231.1981031395672,23123500
2022-11-18,234.5428924560547,236.99314155676598,232.41351054537606,236.76949740720514,27613500
2022-11-21,235.34988403320312,237.8973557920272,234.51368886128466,234.74703599252672,26394700
2022-11-22,238.2473907470703,238.51963895713513,234.04697919434565,236.8472486173572,19665700
2022-11-23,240.726806640625,241.40742716232413,237.50843223083618,238.32517685687512,19508500
2022-11-25,240.63931274414062,241.81581080755163,239.9003405690243,240.46428755240743,9200800
2022-11-28,235.06788635253906,239.8225266855465,234.1344682213795,239.2683124519981,24778200
2022-11-29,233.677490234375,236.06938731272962,231.61617814466862,234.71786413074798,17956300
2022-11-30,248.07754516601562,248.2622882065125,233.22050747543122,233.9108607052224,47594200
2022-12-01,247.6400146484375,249.03042418074372,243.97436658880594,246.84270566954237,26041500
2022-12-02,247.9608917236328,248.97209734788092,242.77842766287273,242.90483392955983,21528500
2022-12-05,243.27430725097656,246.7941135147601,241.19354435975268,245.03420296466012,23435300
2022-12-06,238.3348846435547,244.8883215875388,237.03198043755035,243.87711611749123,22463700
2022-12-07,237.6056671142578,239.3461270027659,235.5054686619729,238.0529405287907,20481500
2022-12-08,240.55178833007812,241.85470746474556,236.33192613856002,238.06265330165112,22611800
2022-12-09,238.6265869140625,241.43658893378702,237.40147000859437,237.92651587196235,20609700
2022-12-12,245.52035522460938,245.54952361837397,240.3281734246865,240.60042165743343,30665100
2022-12-13,249.80828857421875,256.61452370043395,246.0648533202343,254.44624097086364,42196900
2022-12-14,250.0999755859375,255.32132556389985,247.27052281634482,250.01247040825905,35410900
2022-12-15,242.11721801757812,247.16355744305537,240.49344660406408,246.69684834391964,35560400
2022-12-16,237.9167938232422,242.92423190340745,236.76944942143655,241.66994662968148,86102000
2022-12-19,233.794189453125,238.42243914772908,232.1023632453267,238.08212143380248,29696400
2022-12-20,235.10679626464844,236.18607121939564,231.82035247090366,232.77322117622552,25150800
2022-12-21,237.66397094726562,238.82103314967992,233.4635597886704,234.9998258792663,23690600
2022-12-22,231.59677124023438,235.2915881026954,227.3963441116048,234.5817842248224,28651700
2022-12-23,232.1217803955078,232.25790450291396,227.46437751544144,229.57430859844388,21207000
2022-12-27,230.4007568359375,232.31621194954764,229.30203142721194,232.09258269485227,16688600
2022-12-28,228.0380401611328,233.08437961165026,227.6880046259404,230.33271426152407,17457100
2022-12-29,234.3386688232422,235.2234829457409,229.12703678909463,229.12703678909463,19770700
2022-12-30,233.18161010742188,233.31773420922855,230.10907771074054,231.61617551843796,21938500
2023-01-03,232.9482421875,238.94745003778394,230.82857855768225,236.3513594820361,25740000
2023-01-04,222.75836181640625,226.42399496515415,219.70527974958796,225.85033012794412,50623400
2023-01-05,216.1562957763672,221.25125412142148,215.62151720752513,220.91093644040888,39585600
2023-01-06,218.7037811279297,219.51080795719037,213.2782522890228,216.82721193090404,43613600
2023-01-09,220.8331298828125,224.8390950379593,220.1427915656861,220.181677805299,27369800
2023-01-10,222.51528930664062,224.90718660058684,221.03735973961676,221.45544993887123,27033900
2023-01-11,229.2436981201172,229.41870845172386,224.71268716284243,224.88769749444907,28669300
2023-01-12,231.90786743164062,233.25939064495995,227.09488993594465,228.74782975392716,27269500
2023-01-13,232.6079559326172,232.74408004932297,228.41726187215806,230.4396879177981,21333300
2023-01-17,233.6969451904297,234.24144161412062,230.52717483814848,231.38282055332843,29831300
2023-01-18,229.2826385498047,235.67078421870966,229.00067244788087,234.88320786751135,30028700
2023-01-19,225.51002502441406,229.00066284863416,224.2946258083473,227.30882179875937,28623000
2023-01-20,233.57052612304688,234.07613627577243,228.0185768034781,228.3588944678233,35389800
2023-01-23,235.865234375,238.3835379806386,233.01633090813738,234.42620586269453,31934000
2023-01-24,235.34017944335938,237.19731304543689,233.7844773158166,235.78745289233305,40234400
2023-01-25,233.94973754882812,236.56527872989417,224.50851101400366,227.98941574229838,66526600
2023-01-26,241.13519287109375,241.43660948835614,235.30127691453504,236.90559786802248,33454500
2023-01-27,241.290771484375,242.91454300523202,239.9975849790759,242.0977983186481,26498900
2023-01-30,235.9916229248047,238.80162509755758,235.4957305884033,237.74178578895192,25867400
2023-01-31,240.950439453125,241.08656355946167,236.22496713827303,236.7111267803919,26541100
2023-02-01,245.75372314453125,248.1164521150048,238.67523924937854,241.13520609235906,31259900
2023-02-02,257.2757263183594,257.36323150604915,250.12917259535388,251.65572121722164,39940400
2023-02-03,251.1986846923828,256.88675825123045,249.9832856273653,252.35574697610576,29077300
2023-02-06,249.6624298095703,251.15007723406973,247.72752379068612,250.31389683270552,22518000
2023-02-07,260.1537780761719,261.3302762498554,252.88081823202182,253.31837383415902,50841400
2023-02-08,259.3467712402344,269.09913389839613,258.8411461479816,265.63767911484825,54686000
2023-02-09,256.3228759765625,266.39612198189866,255.5255668211164,266.221081910891,42375100
2023-02-10,255.81723022460938,256.7798168982394,253.4447686061317,254.29068170390744,25818500
2023-02-13,263.8096618652344,266.99886776795535,259.75507760072225,260.23153420322126,44630900
2023-02-14,264.6361389160156,267.35862090148964,261.82612208741193,265.12229853290944,37047900
2023-02-15,262.52093505859375,263.89534271397224,259.4601911138888,261.54618038787015,28922400
2023-02-16,255.53189086914062,260.00601053578754,255.2882022397123,257.3546770577212,29603600
2023-02-17,251.54519653320312,253.5239473924271,249.53720422274546,252.8416369479222,30000100
2023-02-21,246.291259765625,249.04007506409081,245.23852294112166,248.0555633319736,28397400
2023-02-22,245.16055297851562,247.91911060638247,244.0200917469653,247.6754219276689,22491100
2023-02-23,248.33827209472656,250.35600669518152,244.1565658834327,249.108321803698,29219100
2023-02-24,242.9283905029297,244.6634528431663,241.83666989520626,243.64971440364852,24990900
2023-02-27,243.8446502685547,246.43750145661366,243.09408495125825,246.08658915391715,21190000
2023-02-28,243.12332153320312,245.1410709516809,242.4507383937105,242.78216630386783,22491000
2023-03-01,240.05282592773438,244.59517118131993,239.58493299824488,244.42946467971646,27565300
2023-03-02,244.7706756591797,245.05334800361368,239.4095243197137,240.32579620114032,24808200
2023-03-03,248.84512329101562,249.16679413004076,245.04358587267618,245.82339261513917,30760100
2023-03-06,250.38522338867188,253.55317601638902,249.51769234094775,249.9563289608396,24109800
2023-03-07,247.73390197753906,251.18454195758378,246.99309375726955,249.82961864090797,21473200
2023-03-08,247.29525756835938,248.11404792403098,244.47821715829852,247.62667058752513,17340200
2023-03-09,245.95013427734375,253.00734939553732,245.22881038258097,249.36177602188675,26653400
2023-03-10,242.3142547607422,246.40822131411622,241.34925717678098,244.74139919259653,28333900
2023-03-13,247.5096893310547,251.39896558800064,239.52644667781433,241.15428509526765,33339700
2023-03-14,254.20631408691406,254.4792442426015,249.40076516094558,250.26829634300452,33620300
2023-03-15,258.73883056640625,259.75258355094957,252.66609947014194,253.41667945505924,46028000
2023-03-16,269.2272644042969,269.57816182335324,256.6334203873444,258.514689849532,54768800
2023-03-17,272.3756408691406,276.1771774428226,269.34416867421294,271.2351947706092,69527400
2023-03-20,265.3575134277344,270.47497619551706,263.03759221346127,269.98759878906156,43466600
2023-03-21,266.86834716796875,268.0575491212291,262.7158825243108,267.94058331388436,34558700
2023-03-22,265.4159851074219,273.9450893595406,265.30874661401754,266.497948625342,34873300
2023-03-23,270.650390625,273.9645506194871,268.25250241830935,270.92332074814243,36610900
2023-03-24,273.4869079589844,273.54539085578926,268.33044774491924,270.2409584505626,28172000
2023-03-27,269.4027099609375,274.35445077052975,268.56440544663616,273.41869458351096,26840200
2023-03-28,268.2817077636719,269.16873798129603,265.18196566074795,268.82756793649463,21878600
2023-03-29,273.4284362792969,274.0425364680911,271.3814455656998,271.9175487241211,25087000
2023-03-30,276.8789978027344,277.2786507086976,274.3739014000633,277.0544762167483,25053400
2023-03-31,281.02178955078125,281.96730287180225,275.8556011455048,276.5671828397676,32766000
2023-04-03,279.9787902832031,280.99251370652144,276.781596204477,279.2866930601582,24883300
2023-04-04,279.92999267578125,283.11745895747976,278.45813359566927,279.97874824950554,25824300
2023-04-05,277.16180419921875,279.90086308353324,275.7776689021103,278.6336936146696,22064800
2023-04-06,284.238525390625,284.7063886889727,274.9101141667659,276.0603177714144,29770300
2023-04-10,282.0843200683594,282.2890102574726,277.52244476659155,281.9088415876765,23103000
2023-04-11,275.6898193359375,278.7603200001052,274.5298887759889,278.53611574215296,27276600
2023-04-12,276.33319091796875,279.7643463826104,274.8418174679427,277.6003898328518,27403400
2023-04-13,282.52288818359375,282.58137108364906,276.02129123451107,276.4306715348985,24222700
2023-04-14,278.9163818359375,281.19730473613265,276.5282204280386,279.75465677271774,20987900
2023-04-17,281.5091552734375,284.23848637686285,278.93581824426053,282.6106328823751,23836200
2023-04-18,281.09002685546875,284.3944597878288,279.7643746535523,284.2092540026853,20161800
2023-04-19,281.1679992675781,281.7528282776957,277.3567049001675,278.7700813374877,17150300
2023-04-20,278.8870849609375,281.73338210050423,277.88308869454204,278.0488101013178,23244400
2023-04-21,278.54595947265625,279.04306422525923,275.9141094408332,277.81489332461183,21676400
2023-04-24,274.6566467285156,277.75638957147896,271.6836565150722,274.9685754009273,26611000
2023-04-25,268.4668884277344,274.49086389532874,268.41813285609015,272.453630628669,45772200
2023-04-26,287.91326904296875,292.00725036990406,285.33993229955405,289.2097093535968,64599200
2023-04-27,297.1344909667969,297.495175228431,287.79635312272336,288.4981777647632,46462600
2023-04-28,299.503173828125,301.1309977099639,295.65288041191343,296.335220680939,36469600
2023-05-01,297.84600830078125,300.80927056527844,297.44635535169203,299.2204158338492,21294100
2023-05-02,297.6998596191406,301.3746744145902,296.2377274555762,299.9905392914893,26404400
2023-05-03,296.71533203125,300.819041090019,296.4131604465873,298.8792887083803,22360800
2023-05-04,297.6998596191406,299.9905392914893,295.74059300087464,298.5088929942314,22519900
2023-05-05,302.8075866699219,304.094270204725,296.58864599886385,298.00205242307055,28197100
2023-05-08,300.8580627441406,302.3689505307948,298.36269283862055,302.30071055555146,21318600
2023-05-09,299.2496643066406,302.21292664070313,298.5770812481338,300.22441891350263,21340800
2023-05-10,304.4256286621094,305.09821176430125,299.9027824610233,300.8287815493971,30078000
2023-05-11,302.2811584472656,303.2656701896078,298.5283767405059,302.2714311285641,31680200
2023-05-12,301.169921875,302.8075024197668,298.85975829449876,302.7100210129512,19774700
2023-05-15,301.64752197265625,302.07641633631226,299.8247358006917,301.29662462810876,16336500
2023-05-16,303.8700256347656,305.790293615096,302.0082405576207,302.0082405576207,26730300
2023-05-17,306.7420349121094,307.1620885056331,303.55737876771076,305.0715691203483,24315000
2023-05-18,311.1576232910156,311.6656229362175,306.468583842939,307.2598588771496,27276000
2023-05-19,310.9817199707031,311.3822465947649,309.05725438357535,309.4186972410466,27546700
2023-05-22,313.7561340332031,315.13354641281757,310.6594231373723,311.23578210832846,24115700
2023-05-23,307.97296142578125,315.26051959828607,307.9631830299581,312.63269496953484,30797200
2023-05-24,306.5955810546875,309.18432218160666,305.3842225217215,307.4552452354423,23384900
2023-05-25,318.3865661621094,319.3438949651791,312.6033903237595,315.7684901108892,43301700
2023-05-26,325.1954650878906,325.69365647680604,316.39371620012895,316.5304646832212,36630600
2023-05-30,323.55426025390625,327.9795506793169,322.88020682779495,327.4813593124993,29503100
2023-05-31,320.7994079589844,328.1748807384319,319.76388201700377,324.6092550226207,45950600
2023-06-01,324.89251708984375,325.820570098654,317.21421253677175,318.39623546469716,26773900
2023-06-02,327.6474304199219,329.6988961808169,324.86330044529166,326.5240179212979,25873800
2023-06-05,328.1749572753906,330.734392827561,326.924544875392,327.47159843712996,21307100
2023-06-06,325.9671630859375,327.6181020499909,324.4920861780968,327.57901828059016,20396200
2023-06-07,315.9052429199219,326.7584266923508,315.04557889593144,323.9840754044963,40717100
2023-06-08,317.7418212890625,319.0899281933469,315.8759662068324,316.45232513607897,23277700
2023-06-09,319.2364196777344,322.3624353785323,316.9114274266321,317.47800789711727,22529000
2023-06-12,324.17950439453125,324.4237258036258,317.6441371021866,320.9850692837771,24260300
2023-06-13,326.5631103515625,329.1909351194717,322.7532623015664,326.7389426125968,22951300
2023-06-14,329.5426025390625,331.2033200737011,325.1173117243528,326.61194558065387,26003800
2023-06-15,340.0538635253906,341.75363483053593,329.40581706772855,329.6793438273172,38899100
2023-06-16,334.4172668457031,343.3460164076844,334.0460753238459,343.19948951587423,46552000
2023-06-20,330.2361145019531,334.17296167361366,328.09673298112693,331.4669997090526,26375400
2023-06-21,325.8499450683594,329.923570971666,324.3943951235906,328.59499110748806,25117800
2023-06-22,331.85772705078125,332.2582536376129,325.6349718946558,326.39694130536145,23556800
2023-06-23,327.27618408203125,330.1482299651682,325.74249643584824,326.6314360457984,23146900
2023-06-26,321.0046081542969,328.340998601614,320.8971352379601,326.00625756335666,21520600
2023-06-27,326.8365783691406,328.38004429209786,321.68837287006505,324.18919728458985,24354100
2023-06-28,328.0870666503906,330.16783795083114,326.09421148504384,326.9245702882871,20259500
2023-06-29,327.3055114746094,328.3410078355039,324.93168659890875,326.97337394490575,16997000
2023-06-30,332.6686096191406,334.80799133337183,329.40581549810116,329.94309061938924,26832800
2023-07-03,330.1775207519531,333.02026113567905,328.79036003615676,331.34979527734635,12508700
2023-07-05,330.33380126953125,333.75290026498266,326.99286980308096,327.3445342470537,18172400
2023-07-06,333.3817443847656,335.0619888415349,327.7451250968569,329.50350728576706,28161200
2023-07-07,329.4253845214844,333.8897591570252,329.210468483103,331.47685037654594,21214800
2023-07-10,324.1599426269531,327.48137758941004,320.0179571321777,326.8659348779879,32791400
2023-07-11,324.7851257324219,325.1660955778508,319.44156081618985,323.40771358997307,26698200
2023-07-12,329.40582275390625,333.75294560855826,327.91118903960694,328.8196854554752,29995300
2023-07-13,334.7395935058594,335.79461674267833,331.1837159282275,331.711242452727,20567200
2023-07-14,337.25994873046875,343.3068725083686,336.35145234816736,339.55563567406386,28352700
2023-07-17,337.7386779785156,338.9695335941496,334.29027291358,337.689815809939,20363900
2023-07-18,351.18060302734375,358.30210756551196,334.2609666964125,337.8363418414127,64738600
2023-07-19,346.8725891113281,354.08201092658555,344.293626158434,353.38843037126543,39732900
2023-07-20,338.8522644042969,349.6956992819866,337.3869361725058,345.3974090978353,33778400
2023-07-21,335.82391357421875,342.20297462021114,331.9749823654145,341.07956227112305,69405400
2023-07-24,337.1329345703125,338.9011247209187,334.3976671440658,337.85585009967554,26678100
2023-07-25,342.8672790527344,343.75624842360725,337.0938822455354,339.0867071747874,41637700
2023-07-26,329.962646484375,336.70318113968654,325.4103558990967,333.547829841797,58383700
2023-07-27,323.07562255859375,333.4403649695194,321.444210409782,332.61003601882766,39635300
2023-07-28,330.5487365722656,332.1508430764587,325.4689499409115,325.9573926830905,28484900
2023-07-31,328.1553649902344,329.89421985375384,325.654510875741,329.1322504149572,25446000
2023-08-01,328.565673828125,330.7148339075202,325.9867115450311,327.4422614370604,18311900
2023-08-02,319.92999267578125,325.9183054002414,318.81632892578153,325.9183054002414,27761300
2023-08-03,319.10943603515625,322.25500868577666,318.415855644904,318.46468799733185,18253700
2023-08-04,320.2035827636719,327.3934767757319,319.6760561560359,324.2088199611453,23741500
2023-08-07,322.4797058105469,323.4565914550908,319.94957556864017,320.7799343289393,17741500
2023-08-08,318.5134582519531,321.1510606368061,315.5339698423981,319.402427502964,22327600
2023-08-09,314.7818603515625,319.5490370786911,313.629112676302,318.92384579160165,22373300
2023-08-10,315.46563720703125,320.6724537793776,313.75608752866935,318.4842099187915,20113700
2023-08-11,313.5900573730469,314.9576912566164,311.8316453980151,312.8573931698293,24355500
2023-08-14,316.550048828125,316.56957580963035,312.6815600127045,313.9613076998514,18836100
2023-08-15,314.42041015625,317.57576163003193,313.4826082523493,315.53407413953244,16966300
2023-08-16,313.6568298339844,317.5922437105838,313.0694515072215,314.0484054267254,20698900
2023-08-17,310.21087646484375,315.0958462335388,309.55496429159837,313.79385086017476,21257200
2023-08-18,309.8193359375,311.679342341884,304.99307058455463,307.8711973932979,24755000
2023-08-21,315.1056823730469,315.9769357985516,310.3675491383052,311.23880256380994,24040000
2023-08-22,315.6734924316406,319.2173010637489,314.6945384503818,318.6495208997528,16084600
2023-08-23,320.1179504394531,322.27166113870885,316.652444996216,317.00488396305076,21166400
2023-08-24,313.23583984375,325.97203798658785,313.2260407459276,325.84476921608996,23281400
2023-08-25,316.1824951171875,318.5123799630537,312.09044570865603,314.70426538436715,21684100
2023-08-28,316.8873596191406,319.285778523708,314.94902032407407,318.8061007178544,14808500
2023-08-29,321.49822998046875,322.0562408320529,315.1056626837717,315.1056626837717,19284600
2023-08-30,321.8702087402344,322.86873080054954,319.57946057224274,321.75273907140877,15222100
2023-08-31,320.86187744140625,323.9455756518063,319.90249205082335,322.27157317335417,26411000
2023-09-01,321.7430114746094,325.0029150101556,319.9025732532159,324.3372334886783,14942000
2023-09-05,326.530029296875,327.8026871669536,321.74296073160247,322.07580143984785,18553900
2023-09-06,325.8741760253906,327.4209100280818,323.23098856949474,326.3636529709045,17535800
2023-09-07,322.9666442871094,326.06991103130065,322.10516018294953,324.31760527996926,18381000
2023-09-08,327.23486328125,329.08510023164433,322.52609807587226,323.1428437260037,19530100
2023-09-11,330.82763671875,331.29754527961506,328.3704532160462,330.1423571352341,16583300
2023-09-12,324.7875061035156,329.7018735211136,324.50363099894156,328.75228709732,17565500
2023-09-13,328.9872131347656,329.76059500536803,324.2001445661415,324.3371825636095,16544400
2023-09-14,331.57171630859375,333.6862305598508,329.4865396056531,332.0122276628957,20267000
2023-09-15,323.2701721191406,330.29905425690873,322.7121612017879,329.82917548465673,37679800
2023-09-18,322.13458251953125,323.44637721984947,319.49139491981464,320.901090989623,16834200
2023-09-19,321.733154296875,322.45760041034737,317.6803011768475,319.30536803908217,16505900
2023-09-20,314.0190124511719,322.65339248865484,313.76450476801705,322.5750893265996,21436500
2023-09-21,312.8051452636719,318.50266425545,308.3704851953978,312.540838460042,35560400
2023-09-22,310.33819580078125,314.6847536524901,309.4962798834054,314.5574848611761,21447900
2023-09-25,310.8570251464844,310.98429393163934,308.3704739123921,309.92700700519936,17836000
2023-09-26,305.5706481933594,309.2319257820145,303.49524107796117,308.4977104446982,26297600
2023-09-27,306.20703125,307.6852314807057,303.17226786279906,305.72732347287354,19410100
2023-09-28,307.03912353515625,308.8403951730469,302.9373041972711,304.44487173232886,19683600
2023-09-29,309.1047058105469,312.74641565358826,308.3509220336715,311.0626136858314,24147300
2023-10-02,315.0273132324219,315.1154453625428,308.5466440139972,309.6234991428816,20570000
2023-10-03,306.7943420410156,314.6259723470464,304.66020007739525,314.0777307403494,21033500
2023-10-04,312.2471008300781,313.3043876816742,307.3914982671209,307.420865686593,20720100
2023-10-05,312.6387634277344,313.24574005798826,308.2726365572095,312.37445657889566,16965600
2023-10-06,320.3724670410156,322.26184092251725,309.6431106472469,309.8878491254301,25673600
2023-10-09,322.8785400390625,323.34841872912307,316.37827265710837,317.9152372482106,19891200
2023-10-10,321.4786682128906,324.13162477364205,320.7738202479149,323.9945568948938,20557100
2023-10-11,325.423828125,325.81540366125716,322.21286092721374,324.23927254305164,20063200
2023-10-12,324.1903991699219,326.608416662478,321.8017491013521,323.6128199146543,19313100
2023-10-13,320.8324890136719,326.8040823513373,319.49129742401084,325.38461749045547,21072400
2023-10-16,325.63922119140625,329.06555964733286,323.6421469834392,324.0826582883067,22158000
2023-10-17,325.0714111328125,326.4419405397074,320.51928173209353,322.65339394249423,18338500
2023-10-18,323.1624450683594,328.5271229876209,321.3905409680336,325.4923600401383,23153600
2023-10-19,324.34698486328125,329.78996567974724,323.9456102144574,325.1595033838665,25052100
2023-10-20,319.7948303222656,324.9343374400908,318.6005055684448,324.73853474262626,25027700
2023-10-23,322.38909912109375,325.7273354388913,317.56286365993043,318.620120705819,24374700
2023-10-24,323.5736389160156,324.8560661648909,320.7053110922139,324.32742268148115,31153600
2023-10-25,333.5002136230469,338.9138270951405,330.51438652342347,337.7586388732426,55053800
2023-10-26,320.9892272949219,334.44004510375515,320.0592090856676,333.3729888756814,37828500
2023-10-27,322.8687438964844,329.63331810351394,321.4884154812009,323.47569046023347,29856500
2023-10-30,330.2108459472656,332.3058210518127,324.8461693094752,326.3929327722386,22828100
2023-10-31,330.9940185546875,331.8653016809535,327.6460136572754,331.71846460217154,20265300
2023-11-01,338.7865295410156,340.10812307119625,332.50163335597534,332.63870122035286,28158800
2023-11-02,340.98919677734375,341.4884429030558,337.51389284186956,339.93190993700205,24348100
2023-11-03,345.3749084472656,346.93147136857294,340.02002965992455,342.2716414539088,23637700
2023-11-06,349.02642822265625,350.0151812088652,345.91336203130555,346.0112633950899,23828300
2023-11-07,352.94219970703125,354.83157330344505,350.10323976353783,351.8359771725129,25833900
2023-11-08,355.5559997558594,356.2118820120091,352.96174852168724,354.067970995073,26767800
2023-11-09,353.0989074707031,357.11262469595323,352.7758359325908,354.67500901172906,24847300
2023-11-10,361.8898620605469,362.3108050217642,353.47085345970584,353.8819973228906,28042100
2023-11-13,358.9627990722656,360.71513487046275,358.1992162461448,360.4703964021509,19986500
2023-11-14,362.4772033691406,364.1218684157094,359.6186750774512,363.2016494775537,27683900
2023-11-15,362.6243591308594,366.0184055463694,360.11312341587404,364.203659277244,26860100
2023-11-16,369.00048828125,369.17705042836303,363.12463294088235,363.88976551430744,27182300
2023-11-17,362.80096435546875,367.23480603716206,360.0052770614011,366.4892814424939,40157000
2023-11-20,370.24627685546875,371.6490149349355,363.9290160684621,364.1448242296059,52465100
2023-11-21,365.9595947265625,369.0495522871196,364.0467481750121,368.5100468166504,28423100
2023-11-22,370.6484680175781,372.5514954656195,367.8233538705503,370.7956031427492,23345300
2023-11-24,370.2364501953125,370.7661665682208,367.9901174917075,370.1383501357465,10176600
2023-11-27,371.39398193359375,373.38532049617334,369.02994094912424,369.5988734413345,22179200
2023-11-28,375.406005859375,375.7002760855908,370.9525268417298,371.1389079636444,20453100
2023-11-29,371.62939453125,376.9755034472532,370.24626453575155,376.4458170169272,28963400
2023-11-30,371.6883239746094,372.84582706432604,368.3138848477526,371.2763156204023,30554400
2023-12-01,367.3721923828125,370.95262074245636,364.2331694742271,369.5793094459282,33040500
2023-12-04,362.1044921875,362.47722453595185,355.9834013927852,362.0652461744231,32063300
2023-12-05,365.4200744628906,365.9693989437116,358.65158858882313,359.46578625799856,23065000
2023-12-06,361.7709655761719,367.0484320232483,361.0156519151652,366.42064545969674,21182100
2023-12-07,363.8800354003906,364.3705058457687,359.33827428643895,361.2118749800961,23118900
2023-12-08,367.09747314453125,367.3230703614092,361.2118285564288,362.1633422956095,20154400
2023-12-11,364.2232971191406,364.51759731266617,359.12242306000167,361.4570668899954,27708800
2023-12-12,367.2445983886719,367.28384440026525,363.3992975227853,363.7818787799653,24838300
2023-12-13,367.23480224609375,370.4424978188213,363.70340938140794,368.8533485777596,30955500
2023-12-14,358.95562744140625,366.63640997800485,357.1899461347514,366.19497468337374,43277500
2023-12-15,363.6641540527344,365.30230824664153,359.2989559925913,359.8580993724713,78502300
2023-12-18,365.54754638671875,365.89088161939304,361.65321060475327,362.4085541038235,21802900
2023-12-19,366.1459655761719,366.1459655761719,362.79113493260104,364.40968123442,20603700
2023-12-20,363.5563049316406,368.8631986960778,363.46802384456504,367.85283078495934,26316700
2023-12-21,366.420654296875,367.27406804850153,362.9873613143247,365.45932148482285,17708000
2023-12-22,367.4407958984375,368.02936637236263,365.60644137118885,366.55795515551875,17107500
2023-12-26,367.5192565917969,369.7558002532684,366.38136175547834,367.8527728468658,12673100
2023-12-27,366.94049072265625,367.9116124252774,365.7044958750045,366.56772847108294,14905400
2023-12-28,368.1274719238281,369.2849749136942,367.02882298863733,368.2157530058411,14327000
2023-12-29,368.8730163574219,369.9716653516636,366.3618101031722,368.8337703402161,18730800
2024-01-02,363.801513671875,368.7356447522221,359.7796503608471,366.73451711634624,25258600
2024-01-03,363.53668212890625,366.1459883616317,361.4865193608946,361.9769897820248,23083500
2024-01-04,360.9273376464844,365.9889954484458,360.1720240549271,363.6053166389914,20901500
2024-01-05,360.74102783203125,364.9688808551194,359.51485166672865,361.9377769668043,21004600
2024-01-08,367.5486755371094,368.04896487668356,361.9769395114855,362.26139076236115,23134000
2024-01-09,368.6277770996094,368.82394731160934,364.11544312045595,364.91982181669266,20830000
2024-01-10,375.47467041015625,376.8480113734613,369.14762069750896,369.1966557593691,25514200
2024-01-11,377.2992858886719,383.2339660876797,373.1302872544769,378.64317007041507,27850800
2024-01-12,381.0660705566406,381.27205974083927,377.31886954764786,378.14285622037966,21661200
2024-01-16,382.8317565917969,386.52010359232963,380.2322694497991,386.15716028479716,27202300
2024-01-17,382.0469970703125,382.67478358686355,377.47580955942465,380.58540492477397,22234100
2024-01-18,386.3631591796875,386.4808672893111,382.68463107425833,384.2541423864291,23392100
2024-01-19,391.0716857910156,391.0716857910156,386.00020863284516,388.2171444423586,29331100
2024-01-22,388.9528503417969,392.9845027036078,386.0884900033909,392.39593223013395,27016900
2024-01-23,391.29730224609375,391.7681646348443,386.42202498468174,388.2073445307626,20525900
2024-01-24,394.88751220703125,397.89900754206303,392.8177415608544,393.88696340305137,24867000
2024-01-25,397.15350341796875,399.25273113363767,394.858105500646,396.613997943498,21021200
2024-01-26,396.2314147949219,398.4287425690661,394.7600035777077,396.6630311468464,17803300
2024-01-29,401.91107177734375,402.16612596865383,396.6237864171102,398.3208248033987,24510200
2024-01-30,400.8026123046875,405.17760004808207,398.70341448382425,404.4026783420674,33477600
2024-01-31,390.00238037109375,407.40428830097585,389.6394371111151,399.2036086917865,47871100
2024-02-01,396.0842590332031,400.2238302394902,394.1419855506921,394.17141257606636,30657700
2024-02-02,403.3824462890625,404.78518434173446,395.86843674032343,396.113671921669,28256700
2024-02-05,397.91864013671875,403.3236336682533,396.29027477301287,402.087638647816,25352300
2024-02-06,397.76165771484375,400.1944015675409,395.23084373526007,398.14423897907153,18382600
2024-02-07,406.15850830078125,406.4037434899342,399.63525825649936,399.67450426882596,22340500
2024-02-08,406.21734619140625,407.63972220628386,404.6674730294275,406.15849214322577,21225300
2024-02-09,412.53460693359375,412.799480086422,407.17867899598485,407.3356331031592,22032800
2024-02-12,407.345458984375,412.72099505038886,406.84516963028506,412.54443290280494,21202900
2024-02-13,398.57586669921875,402.2543946406928,395.70171738557195,397.2221636270064,27824900
2024-02-14,402.4282531738281,402.77222335184723,397.59311635632974,401.03275815392834,20401200
2024-02-15,399.54876708984375,402.07445398469247,397.31792461353893,401.10153638347543,21825500
2024-02-16,397.0919189453125,401.2489827226472,396.48261574205486,400.92465682975353,22296500
2024-02-20,395.8438415527344,397.5145068330212,391.1462744848481,396.28606324841394,24307900
2024-02-21,395.24432373046875,395.35244235543763,390.3698682526408,393.2690069492409,18518900
2024-02-22,404.5509948730469,405.710638303165,401.52412337910727,403.1161813071161,27009900
2024-02-23,403.2635803222656,408.6883757427927,401.9172111140197,408.5016799323737,16295900
2024-02-26,400.51190185546875,405.05222425854834,400.3349831970826,404.3642838981377,16193500
2024-02-27,400.4529724121094,401.27848291877046,396.88556737137105,400.95415701072204,14835800
2024-02-28,400.6887512207031,402.2414904650158,398.33014591696406,401.14080998935714,13183100
2024-02-29,406.5066833496094,407.05702360240457,398.91981558888216,401.5929096701564,31947300
2024-03-01,408.33465576171875,408.6982702714908,403.7943329800158,404.1775917906704,17823400
2024-03-04,407.76458740234375,410.1526740907754,405.2094192211678,406.3100996705869,17596000
2024-03-05,395.7062072753906,407.1061687535314,393.7308905561475,406.8211614689715,26919200
2024-03-06,395.1558532714844,398.1729175476419,391.51967869638725,396.0206822488724,22344100
2024-03-07,402.0843200683594,402.71326755552275,395.30328784063323,399.1163813277323,18718500
2024-03-08,399.214599609375,403.3421811822811,397.3571789041796,400.9245831223799,18002200
2024-03-11,397.5439453125,398.68394443475927,394.34018518419236,396.7970720878644,16120800
2024-03-12,408.1183776855469,408.4033849510457,399.77479973523793,400.5904729541975,22457000
2024-03-13,407.9415588378906,410.96843068808397,404.354509505231,410.8898234934408,17115900
2024-03-14,417.8869934082031,420.4421618629372,410.7816654727546,412.99286375239626,34157300
2024-03-15,409.23870849609375,415.31212509375916,405.67130428358104,412.0592095701896,45079900
2024-03-18,410.1231994628906,413.47439659588105,406.64423942002503,407.10613532964646,20106000
2024-03-19,414.1427001953125,414.39822603826195,408.38374152289526,410.62442124737834,19837900
2024-03-20,417.8968200683594,418.61421185332546,413.4056235884817,414.7225113763612,17860100
2024-03-21,421.9654235839844,423.3904300401875,419.7935438740281,422.41748239432127,21296200
2024-03-22,421.3463134765625,422.44699413264203,418.72237476810477,422.2897797457437,17648500
2024-03-25,415.5677185058594,420.03927125139006,414.3392748930156,417.9066799433217,18060500
2024-03-26,414.3785095214844,418.6436612820826,414.0836951106592,418.270209700842,16725600
2024-03-27,414.162353515625,417.13029224439015,411.7841036640323,417.12045509904823,16705000
2024-03-28,413.46453857421875,414.5947004262664,411.8921251320564,413.70039009359095,21871200
2024-04-01,417.24822998046875,420.51098325002465,414.9387501061958,416.6389267777452,16316000
2024-04-02,414.1721496582031,415.0959414899842,410.6342266844982,412.8650690915943,17912000
2024-04-03,413.19921875,415.9607570118389,411.86265678472216,412.49163417809825,16502300
2024-04-04,410.6735534667969,421.27748545517426,410.36890189824567,417.66092523693425,19370900
2024-04-05,418.18182373046875,419.15477140454254,411.1060069616712,412.76686502075876,16554800
2024-04-08,417.26788330078125,419.91149627913853,416.00012113110665,417.8378979159273,14272400
2024-04-09,418.9287109375,420.3635245342137,414.34907001434647,419.0859553029516,12496900
2024-04-10,415.9608154296875,416.71752584552905,412.46221066374153,414.90926057255786,16216600
2024-04-11,420.5502624511719,421.96543178968227,415.076310912024,418.4766641791292,17966400
2024-04-12,414.62420654296875,417.8476407951663,412.53093421008157,416.7371231732088,19253800
2024-04-15,406.5066833496094,419.45938357073686,406.3002832613404,419.24317632918917,20273500
2024-04-16,407.4304504394531,411.18458077665684,406.59513289625886,407.4206432860486,16765600
2024-04-17,404.73773193359375,411.65633410094387,403.25376259314334,410.0544389834795,15855500
2024-04-18,397.2982482910156,404.786864609064,396.983789567324,403.5485840383649,21029900
2024-04-19,392.2370910644531,398.48742718931453,390.91036608589934,397.0624207324797,30565800
2024-04-22,394.04534912109375,395.9027700554988,388.9252051027742,393.18052011404563,20286900
2024-04-23,400.5414123535156,401.1605527245356,396.10917826173034,397.2688218184954,15734500
2024-04-24,402.00567626953125,405.3568737379943,399.76499652417516,402.4970536697523,15065300
2024-04-25,392.15850830078125,392.99385593125254,381.3383676792714,387.2348968478242,40586500
2024-04-26,399.31292724609375,405.8777219430486,398.7625869715763,405.0620486762338,29694700
2024-04-29,395.3131408691406,399.3129603314087,392.3059134087563,398.2614054374624,19582100
2024-04-30,382.6158752441406,395.2246348761621,382.4586608840312,394.5661760291184,28781400
2024-05-01,388.1291809082031,394.7922572147303,383.57902141142335,385.8393454420747,23562500
2024-05-02,390.9791564941406,393.0331103770738,387.84416635932274,390.80226783236736,17709400
2024-05-03,399.6470642089844,400.12860445610875,394.92982324925293,395.3425934548566,17446700
2024-05-06,406.408447265625,406.7917060599517,399.36208182617884,401.71088030309346,16996600
2024-05-07,402.2808837890625,407.51898415720547,402.03519506612554,407.50914701107223,20018200
2024-05-08,403.46014404296875,405.1210019721616,399.6961765499289,401.1310200807253,11792300
2024-05-09,405.2094421386719,405.60253803694064,402.04497067197207,403.48962134136315,14689700
2024-05-10,407.5877380371094,408.2167155386998,404.6984363706866,405.81879129865774,13402300
2024-05-13,406.5852966308594,411.13545592488975,403.7353138522874,410.8013229086305,15440200
2024-05-14,409.3763427734375,410.29029755221785,404.45273155985166,404.91462752191757,15109300
2024-05-15,416.5338439941406,417.2525598208021,410.81374213755174,411.433999213995,22239500
2024-05-16,414.4761657714844,418.8376448328751,413.8460838814957,415.2736305334928,17530100
2024-05-17,413.708251953125,416.37634285020215,411.56198942365705,416.00221762948183,15352200
2024-05-20,418.75885009765625,420.16671696584166,413.4916228836326,413.7082200976142,16272100
2024-05-21,422.40167236328125,426.27085809319817,418.27649987771593,420.2258450310574,21453300
2024-05-22,423.8587341308594,425.71950537683756,420.5212017999642,423.43539455106486,18073700
2024-05-23,420.3932189941406,426.89110613989686,418.8376788510908,426.2708490423147,17211700
2024-05-24,423.5042724609375,424.39034103334086,417.84324041258554,420.58022514023406,11855300
2024-05-28,423.6618347167969,424.1540984130066,419.99939161518114,422.98250841239616,15718000
2024-05-29,422.5296325683594,424.27223522977,419.1034664398289,419.1034664398289,15517100
2024-05-30,408.2539978027344,417.7349716036768,407.8306281783295,417.7349716036768,28394500
2024-05-31,408.7068786621094,410.3018082986228,398.25120211572766,410.3018082986228,47995300
2024-06-03,407.12176513671875,409.9867435149057,402.5929630717942,409.1006748520027,17484700
2024-06-04,409.63232421875,409.99659455099004,403.341179685009,406.04863004617806,14348900
2024-06-05,417.4494934082031,417.5183874951578,409.8587651411263,411.3454112041521,16988000
2024-06-06,417.9515686035156,418.7293536763162,414.0725281736093,417.44948005128595,14861300
2024-06-07,417.29193115234375,419.6843254469309,416.45507688003147,419.60557647742206,13621700
2024-06-10,421.2497863769531,421.45652874403225,417.33138606522715,418.1288509550707,13982900
2024-06-11,425.9853210449219,426.1231693068597,418.670289453605,418.89674157876317,14551100
2024-06-12,434.2356262207031,436.5394165910894,426.54647009815636,428.58444890305617,22366200
2024-06-13,434.7476501464844,436.52967260389505,432.5718527345657,434.02896428414414,15960600
2024-06-14,435.7222900390625,436.2834778568933,429.96279885352675,431.49865916361745,13582000
2024-06-17,441.43255615234375,443.96279884211964,433.90092737019853,435.7419888452348,20790000
2024-06-18,439.4339294433594,443.17515136355723,438.00638282722565,442.7517817727517,17112500
2024-06-20,438.8038635253906,439.6210080275433,434.4423844149745,439.3945559147101,19877400
2024-06-21,442.82073974609375,443.6083496603445,439.60134591371855,440.45787995794916,34187100
2024-06-24,440.7433776855469,445.74476346815527,439.50286359400394,442.84039572999666,15913700
2024-06-25,443.97265625,444.4353853435752,439.83762902888526,441.3144201727987,16413400
2024-06-26,445.1639404296875,446.58166237734525,441.2553652071883,442.05283004707155,16507000
2024-06-27,445.84326171875,449.11190006347704,444.7799552473841,445.1836151073107,14806300
2024-06-28,440.0345153808594,448.33407381119525,439.5028621939787,446.05981801420484,28362300
2024-07-01,449.66326904296875,450.29335103779187,438.76454208831103,441.7181246746966,17662800
2024-07-02,452.17376708984375,452.47896819642483,446.09921948918884,446.1878533998419,13979800
2024-07-03,453.640625,453.88675682054844,450.79535677806246,451.1005578319114,9932800
2024-07-05,460.3255920410156,461.1033770377166,451.8685059547019,452.498587816865,16000300
2024-07-08,459.0260314941406,460.46346308739743,457.2735739768986,459.33123257528905,12962300
2024-07-09,452.42974853515625,460.09919566591896,450.9135678636905,459.77431483044427,17207200
2024-07-10,459.03594970703125,459.2426920705962,451.7602770153543,454.08377755329457,18196100
2024-07-11,447.66461181640625,457.5886345893225,444.5633265323156,455.81649732303464,23111200
2024-07-12,446.5323791503906,449.29889867197954,443.67725577045155,447.3003093014831,16324300
2024-07-15,446.93609619140625,450.18505497376174,444.4452428142979,446.2863044349352,14429400
2024-07-16,442.56475830078125,447.27079820143007,439.7490242805094,447.19204922721934,17175700
2024-07-17,436.6575927734375,437.9670310742686,432.38474735385836,435.74198947896895,21778000
2024-07-18,433.5563049316406,437.770080793845,427.67867544192785,437.4648797185402,20794800
2024-07-19,430.3467712402344,434.3144456334854,425.31585048613374,426.39883667006126,20940400
2024-07-22,436.0865478515625,437.72086686190295,432.1189038234256,434.95434740544323,15808800
2024-07-23,437.967041015625,441.4522765923751,436.24411798255437,437.0317279223722,13107100
2024-07-24,422.2638244628906,434.6491968195245,420.9740958851319,433.6351347306288,26805800
2024-07-25,411.92626953125,423.14987619224735,411.05005574464656,422.1653487650477,29943800
2024-07-26,418.68994140625,422.28349032231534,410.8137224917234,411.7293557750341,23583800
2024-07-29,420.1274108886719,425.46353285919287,418.12882136064246,424.9023450000168,15125800
2024-07-30,416.3763427734375,422.4114705197089,410.90234276735913,421.1020622928212,32687600
2024-07-31,411.8770751953125,415.25399722383173,405.83206207673004,413.99380325758636,42891400
2024-08-01,410.65618896484375,420.84605305704525,406.69839983005807,414.2792724511176,30296400
2024-08-02,402.1695556640625,408.57883813707474,398.08377329176966,406.10766494731143,29437900
2024-08-05,389.0359802246094,394.8348607957488,379.61404618021845,383.1485258419234,40709200
2024-08-06,393.42694091796875,399.39320401269043,392.3341300340145,393.8109209877184,24946500
2024-08-07,392.2652587890625,403.7349973998657,391.32012086399686,402.3173055349637,20650900
2024-08-08,396.4593811035156,399.58031645092876,393.75193048039444,396.21324922868644,20203000
2024-08-09,399.73779296875,401.73638233312255,396.03599047899144,397.77859311198716,19276700
2024-08-12,400.5155944824219,402.43543495594565,397.98535182009545,400.76172633567404,16762900
2024-08-13,407.60418701171875,408.5296451452922,403.23288307516907,403.2525628062739,19414300
2024-08-14,410.4101257324219,411.25683501944593,406.06838582856113,408.3820014539116,18267000
2024-08-15,415.2627258300781,415.34161674551206,411.9388929382302,414.0495635460023,20752100
2024-08-16,412.73779296875,415.56847485047064,411.58380640221424,414.8386210132459,22775600
2024-08-19,415.755859375,415.9728470077707,410.75530126947416,413.22105614207504,15234000
2024-08-20,418.98101806640625,420.0264956299884,415.864330676567,415.9235063802004,16387600
2024-08-21,418.3301696777344,420.55919186298433,415.9433054515763,418.27096386261877,16067300
2024-08-22,409.85772705078125,420.94378045645306,408.9306008917766,418.5470440541718,19361900
2024-08-23,411.0807800292969,413.51694694228206,406.4451490290269,411.2681797994915,18493800
2024-08-26,407.82598876953125,411.56408163461276,405.7054455704439,410.6665432369522,13152800
2024-08-27,408.17120361328125,408.68406980179446,404.6303831532702,407.2046168469379,13492900
2024-08-28,404.9755554199219,409.315277644923,401.73061382710534,409.19692623598894,14882700
2024-08-29,407.4610290527344,416.268697643249,404.9755591436319,409.25610570352524,17045200
2024-08-30,411.4259948730469,411.7711764633265,406.4846126518204,409.90708149754283,24308300
2024-09-03,403.8314514160156,414.1284456363182,401.45446023053216,412.18542969380115,20313600
2024-09-04,403.2988586425781,405.6068015782242,398.830912042889,400.3498254636215,15135800
2024-09-05,402.79583740234375,407.44131080829675,400.56678553175374,402.0363656944642,14195500
2024-09-06,396.197509765625,405.0248942566708,395.30981392110493,403.4566777506577,19609500
2024-09-09,400.1623840332031,403.0522412027111,396.641279237834,401.66155199530795,15295100
2024-09-10,408.52630615234375,410.62710415809914,402.11534306269766,402.6084940695935,19594300
2024-09-11,417.24517822265625,418.1821469994098,403.9695325309428,409.8084532189213,19266900
2024-09-12,421.1509704589844,421.5158973973183,414.00028067952854,417.511513528787,17395700
2024-09-13,424.69171142578125,425.914716092092,419.63197810212404,419.9969049719398,15874600
2024-09-16,425.4314880371094,427.5914917589124,422.3542307072933,424.7016342113202,13834700
2024-09-17,429.1893005371094,435.79753584231287,426.34874601904636,434.1997314507894,18874200
2024-09-18,424.90875244140625,430.05724996700025,424.5142376703877,429.04136013434226,18898000
2024-09-19,432.6807556152344,435.45226137137865,430.91526689777044,435.18597071101885,21706600
2024-09-20,429.3076171875,433.22323693457605,428.27201223229315,431.23091793236443,55167100
2024-09-23,427.5718078613281,430.4813808255123,424.4945503062013,428.3312495978339,15128900
2024-09-24,423.29119873046875,427.4139334394583,420.2632446802758,427.0687217553129,17015800
2024-09-25,426.1909484863281,427.1871231515397,422.69946103119116,423.94218110016,13396400
2024-09-26,425.4018859863281,429.3372210826113,423.251754987828,429.1301061037402,14492000
2024-09-27,422.156982421875,425.9345360380006,421.61452834728004,425.60903951360433,14896100
2024-09-30,424.40570068359375,424.52408219664926,419.54323948144145,422.3443332995087,16807300
2024-10-01,414.9273376464844,422.6106376703255,413.07308530803846,422.5810498180969,19092900
2024-10-02,411.4161376953125,417.0281982052677,411.00187763203274,416.7914652693021,16582300
2024-10-03,410.834228515625,413.8029769595959,408.6150490966078,411.9092940444477,13686400
2024-10-04,410.36077880859375,414.00023534021534,409.28571331626097,412.5109097932594,19169700
2024-10-07,403.93011474609375,411.39639773757887,403.3975032576847,410.3016170053712,20919800
2024-10-08,409.0292663574219,409.966265233936,402.57887338489604,405.27145839926953,19229300
2024-10-09,411.7415771484375,414.6215919010832,408.62485957486433,410.16348810998284,14974300
2024-10-10,410.143798828125,411.63312440285347,407.49064417755886,409.54216908706456,13848400
2024-10-11,410.6172180175781,411.41612015597997,407.589263932771,410.4396908978323,14144900
2024-10-14,413.39862060546875,418.2314942204609,411.8007861364326,412.0473616280092,16653100
2024-10-15,413.0040283203125,416.692817718463,409.5717171353566,416.3969091028174,18900200
2024-10-16,410.41998291015625,410.6566857580044,404.8572552888869,409.4830140710585,15508900
2024-10-17,411.0117492675781,416.7125733271007,409.89722324961605,416.57447660649984,14820000
2024-10-18,412.4320068359375,413.9015870376485,410.55803924257515,411.42598973201757,17145300
2024-10-21,413.04351806640625,413.22104518863654,408.08242059822123,410.4199513395574,14206100
2024-10-22,421.6539306640625,424.68185459098345,412.31365056093216,412.75746835174544,25482200
2024-10-23,418.7837829589844,425.1749998576998,416.7421308498749,424.95801224079617,19654400
2024-10-24,418.9120178222656,420.144895200207,416.6139175340375,419.5037748840412,13581600
2024-10-25,422.28515625,426.5952907757042,420.72681247783265,420.9142122484759,16899100
2024-10-28,420.7465515136719,426.02327304477956,420.46051551603273,425.74710969864265,14882400
2024-10-29,426.0331726074219,427.2364622843578,419.967391061662,422.13726756090693,17644100
2024-10-30,426.60516357421875,432.4933871760131,426.1810609771617,431.4479095602445,29749100
2024-10-31,400.7837829589844,410.4594021869807,400.7344498042727,409.6703426075015,53971000
2024-11-01,404.7486877441406,409.8084210802644,401.91800623395363,403.40733166804887,24230400
2024-11-04,402.8648681640625,404.7980415718176,400.01447130701087,404.18650910637746,19672300
2024-11-05,405.8238220214844,409.21670338911827,402.4901163672762,402.77615238186627,17626000
2024-11-06,414.42431640625,414.6906371773605,404.89663664059157,406.77063429083336,26681800
2024-11-07,419.6023864746094,421.0029483375747,414.12842327754487,415.5092398399127,19901800
2024-11-08,416.7520446777344,420.65779206836214,416.00244554535874,419.4939629624982,16891400
2024-11-11,412.2840576171875,418.9908983471605,410.3015812107333,416.7322586188732,24503300
2024-11-12,417.2352600097656,418.62594919557404,411.4851336112788,412.52073848816826,19401200
2024-11-13,419.3755798339844,423.4489813965326,412.4813090867046,415.8643474786666,21502200
2024-11-14,421.0424499511719,422.30491523139983,414.24681513135374,419.17832483529844,30246900
2024-11-15,409.3153076171875,417.0084507566798,407.9739514183208,414.06929022111444,28247600
2024-11-18,410.06494140625,412.66876311229754,406.45507236642675,409.1871181522339,24727000
2024-11-19,412.06707763671875,412.2150169012381,405.912533336808,407.4511618868994,18133500
2024-11-20,409.798583984375,411.57394553855335,404.9558378403451,411.1596854793811,19191700
2024-11-21,408.029541015625,414.85853235917494,405.47980199521203,414.5818162626976,20780200
2024-11-22,412.11114501953125,412.50644943843054,406.2407824115055,406.547145598137,24814600
2024-11-25,413.8801574707031,416.14328803070504,409.9863472135053,413.4749606494442,27691100
2024-11-26,422.9722900390625,424.0099980685231,413.93946191933657,414.6707766023476,23458900
2024-11-27,418.03094482421875,422.22125646736464,417.07231569319254,420.12608556589345,18332400
2024-11-29,418.49542236328125,419.8987878079345,412.90177557031507,415.16493646523105,16271900
2024-12-02,425.92730712890625,427.9236142872225,416.3706625649292,416.6276240398858,20207200
2024-12-03,426.1446838378906,427.3997836787713,422.72522667678595,424.80061260374794,18302000
2024-12-04,432.2917785644531,434.5153999624501,427.55792723241916,427.95323167121506,26009400
2024-12-05,437.4307861328125,439.44687793021666,431.0564230401268,432.7859063083414,21697800
2024-12-06,438.36968994140625,440.87002757046025,436.5907746503493,437.1145598403157,18821000
2024-12-09,440.7908935546875,443.0738089240489,435.3356203613735,437.4110061952819,19144400
2024-12-10,438.1324462890625,444.34871163189086,436.42274787532307,439.1800467406791,18469500
2024-12-11,443.7261047363281,445.0701760009867,438.84401807874156,438.84401807874156,19200200
2024-12-12,444.2893981933594,450.81202644259827,443.8446618873549,443.8446618873549,20834800
2024-12-13,442.0262451171875,446.13747735633456,440.3560560775405,443.1825414368637,20177800
2024-12-16,446.2956237792969,446.8787030896928,440.0596036741231,442.02626356510217,23598800
2024-12-17,449.1319885253906,449.9522746519603,444.2993336430134,445.7224537683285,22733500
2024-12-18,432.2621154785156,447.34318887069384,431.89642797238076,446.0287948744165,24444500
2024-12-19,431.90631103515625,437.9842031344139,431.2046434354816,436.44249480171817,22963700
2024-12-20,431.4814147949219,438.53769150433186,423.60485191230276,428.0323101896431,64263700
2024-12-23,430.147216796875,432.5190736490341,427.755575118412,431.619738686297,19152500
2024-12-24,434.1793212890625,434.4461751355928,429.09959787026054,429.5541964268554,7164500
2024-12-26,432.9736633300781,435.7705018127553,431.5110338839644,433.9322924323696,8194200
2024-12-27,425.4825439453125,430.117561657289,421.351556737901,429.5048352492743,18117700
2024-12-30,419.849365234375,422.5374777077036,416.9537232035626,421.0649558192297,13158700
